-- Auto-generated PROVIDE geographies seed

DELETE FROM geography_parents;
DELETE FROM geographies;
DELETE FROM geography_types;

-- Geography types
INSERT INTO geography_types (id, label, label_singular, "order", is_available, is_selectable) VALUES ('continent', 'Continents', 'Continent', -1, 1, 0);
INSERT INTO geography_types (id, label, label_singular, "order", is_available, is_selectable) VALUES ('admin0', 'Countries', 'Country', 0, 1, 1);
INSERT INTO geography_types (id, label, label_singular, "order", is_available, is_selectable) VALUES ('eez', 'Exclusive Economic Zones (EEZ)', 'Exclusive Economic Zone (EEZ)', 1, 1, 1);
INSERT INTO geography_types (id, label, label_singular, "order", is_available, is_selectable) VALUES ('cities', 'Cities', 'City', 2, 1, 1);
INSERT INTO geography_types (id, label, label_singular, "order", is_available, is_selectable) VALUES ('river_basins', 'River Basins (RB)', 'River Basin (RB)', 3, 1, 1);
INSERT INTO geography_types (id, label, label_singular, "order", is_available, is_selectable) VALUES ('glacier_regions', 'Glacier Regions (GR)', 'Glacier Region (GR)', 4, 1, 1);
INSERT INTO geography_types (id, label, label_singular, "order", is_available, is_selectable) VALUES ('macroeconomies', 'Macroeconomies (ME)', 'Macroeconomy (ME)', 5, 1, 1);
INSERT INTO geography_types (id, label, label_singular, "order", is_available, is_selectable) VALUES ('northern_latitudes', 'Northern Latitudes', 'Northern Latitude', 6, 1, 1);

-- Continent geographies
INSERT INTO geographies (id, label, geography_type, geo_id) VALUES ('continent:Africa', 'Africa', 'continent', NULL);
INSERT INTO geographies (id, label, geography_type, geo_id) VALUES ('continent:Asia', 'Asia', 'continent', NULL);
INSERT INTO geographies (id, label, geography_type, geo_id) VALUES ('continent:Europe', 'Europe', 'continent', NULL);
INSERT INTO geographies (id, label, geography_type, geo_id) VALUES ('continent:North America', 'North America', 'continent', NULL);
INSERT INTO geographies (id, label, geography_type, geo_id) VALUES ('continent:South America', 'South America', 'continent', NULL);
INSERT INTO geographies (id, label, geography_type, geo_id) VALUES ('continent:Oceania', 'Oceania', 'continent', NULL);
INSERT INTO geographies (id, label, geography_type, geo_id) VALUES ('continent:Antarctica', 'Antarctica', 'continent', NULL);

-- Countries → admin0 (245 entries)
INSERT INTO geographies (id, label, geography_type, geo_id) VALUES ('Afghanistan', 'Afghanistan', 'admin0', 'AFG');
INSERT INTO geographies (id, label, geography_type, geo_id) VALUES ('Albania', 'Albania', 'admin0', 'ALB');
INSERT INTO geographies (id, label, geography_type, geo_id) VALUES ('Algeria', 'Algeria', 'admin0', 'DZA');
INSERT INTO geographies (id, label, geography_type, geo_id) VALUES ('American Samoa', 'American Samoa', 'admin0', 'ASM');
INSERT INTO geographies (id, label, geography_type, geo_id) VALUES ('Andorra', 'Andorra', 'admin0', 'AND');
INSERT INTO geographies (id, label, geography_type, geo_id) VALUES ('Angola', 'Angola', 'admin0', 'AGO');
INSERT INTO geographies (id, label, geography_type, geo_id) VALUES ('Anguilla', 'Anguilla', 'admin0', 'AIA');
INSERT INTO geographies (id, label, geography_type, geo_id) VALUES ('Antarctica', 'Antarctica', 'admin0', 'ATA');
INSERT INTO geographies (id, label, geography_type, geo_id) VALUES ('Antigua and Barbuda', 'Antigua and Barbuda', 'admin0', 'ATG');
INSERT INTO geographies (id, label, geography_type, geo_id) VALUES ('Argentina', 'Argentina', 'admin0', 'ARG');
INSERT INTO geographies (id, label, geography_type, geo_id) VALUES ('Armenia', 'Armenia', 'admin0', 'ARM');
INSERT INTO geographies (id, label, geography_type, geo_id) VALUES ('Aruba', 'Aruba', 'admin0', 'ABW');
INSERT INTO geographies (id, label, geography_type, geo_id) VALUES ('Australia', 'Australia', 'admin0', 'AUS');
INSERT INTO geographies (id, label, geography_type, geo_id) VALUES ('Austria', 'Austria', 'admin0', 'AUT');
INSERT INTO geographies (id, label, geography_type, geo_id) VALUES ('Azerbaijan', 'Azerbaijan', 'admin0', 'AZE');
INSERT INTO geographies (id, label, geography_type, geo_id) VALUES ('Bahamas', 'Bahamas', 'admin0', 'BHS');
INSERT INTO geographies (id, label, geography_type, geo_id) VALUES ('Bahrain', 'Bahrain', 'admin0', 'BHR');
INSERT INTO geographies (id, label, geography_type, geo_id) VALUES ('Bangladesh', 'Bangladesh', 'admin0', 'BGD');
INSERT INTO geographies (id, label, geography_type, geo_id) VALUES ('Barbados', 'Barbados', 'admin0', 'BRB');
INSERT INTO geographies (id, label, geography_type, geo_id) VALUES ('Belarus', 'Belarus', 'admin0', 'BLR');
INSERT INTO geographies (id, label, geography_type, geo_id) VALUES ('Belgium', 'Belgium', 'admin0', 'BEL');
INSERT INTO geographies (id, label, geography_type, geo_id) VALUES ('Belize', 'Belize', 'admin0', 'BLZ');
INSERT INTO geographies (id, label, geography_type, geo_id) VALUES ('Benin', 'Benin', 'admin0', 'BEN');
INSERT INTO geographies (id, label, geography_type, geo_id) VALUES ('Bermuda', 'Bermuda', 'admin0', 'BMU');
INSERT INTO geographies (id, label, geography_type, geo_id) VALUES ('Bhutan', 'Bhutan', 'admin0', 'BTN');
INSERT INTO geographies (id, label, geography_type, geo_id) VALUES ('Bolivia', 'Bolivia', 'admin0', 'BOL');
INSERT INTO geographies (id, label, geography_type, geo_id) VALUES ('Bonaire', 'Bonaire', 'admin0', 'BES');
INSERT INTO geographies (id, label, geography_type, geo_id) VALUES ('Bosnia and Herzegovina', 'Bosnia and Herzegovina', 'admin0', 'BIH');
INSERT INTO geographies (id, label, geography_type, geo_id) VALUES ('Botswana', 'Botswana', 'admin0', 'BWA');
INSERT INTO geographies (id, label, geography_type, geo_id) VALUES ('Bouvet Island', 'Bouvet Island', 'admin0', 'BVT');
INSERT INTO geographies (id, label, geography_type, geo_id) VALUES ('Brazil', 'Brazil', 'admin0', 'BRA');
INSERT INTO geographies (id, label, geography_type, geo_id) VALUES ('British Indian Ocean Territory', 'British Indian Ocean Territory', 'admin0', 'IOT');
INSERT INTO geographies (id, label, geography_type, geo_id) VALUES ('British Virgin Islands', 'British Virgin Islands', 'admin0', 'VGB');
INSERT INTO geographies (id, label, geography_type, geo_id) VALUES ('Brunei Darussalam', 'Brunei Darussalam', 'admin0', 'BRN');
INSERT INTO geographies (id, label, geography_type, geo_id) VALUES ('Bulgaria', 'Bulgaria', 'admin0', 'BGR');
INSERT INTO geographies (id, label, geography_type, geo_id) VALUES ('Burkina Faso', 'Burkina Faso', 'admin0', 'BFA');
INSERT INTO geographies (id, label, geography_type, geo_id) VALUES ('Burundi', 'Burundi', 'admin0', 'BDI');
INSERT INTO geographies (id, label, geography_type, geo_id) VALUES ('Cabo Verde', 'Cabo Verde', 'admin0', 'CPV');
INSERT INTO geographies (id, label, geography_type, geo_id) VALUES ('Cambodia', 'Cambodia', 'admin0', 'KHM');
INSERT INTO geographies (id, label, geography_type, geo_id) VALUES ('Cameroon', 'Cameroon', 'admin0', 'CMR');
INSERT INTO geographies (id, label, geography_type, geo_id) VALUES ('Canada', 'Canada', 'admin0', 'CAN');
INSERT INTO geographies (id, label, geography_type, geo_id) VALUES ('Cayman Islands', 'Cayman Islands', 'admin0', 'CYM');
INSERT INTO geographies (id, label, geography_type, geo_id) VALUES ('Central African Republic', 'Central African Republic', 'admin0', 'CAF');
INSERT INTO geographies (id, label, geography_type, geo_id) VALUES ('Chad', 'Chad', 'admin0', 'TCD');
INSERT INTO geographies (id, label, geography_type, geo_id) VALUES ('Chile', 'Chile', 'admin0', 'CHL');
INSERT INTO geographies (id, label, geography_type, geo_id) VALUES ('China', 'China', 'admin0', 'CHN');
INSERT INTO geographies (id, label, geography_type, geo_id) VALUES ('Christmas Island', 'Christmas Island', 'admin0', 'CXR');
INSERT INTO geographies (id, label, geography_type, geo_id) VALUES ('Cocos (Keeling) Islands', 'Cocos (Keeling) Islands', 'admin0', 'CCK');
INSERT INTO geographies (id, label, geography_type, geo_id) VALUES ('Colombia', 'Colombia', 'admin0', 'COL');
INSERT INTO geographies (id, label, geography_type, geo_id) VALUES ('Comoros', 'Comoros', 'admin0', 'COM');
INSERT INTO geographies (id, label, geography_type, geo_id) VALUES ('Congo', 'Congo', 'admin0', 'COG');
INSERT INTO geographies (id, label, geography_type, geo_id) VALUES ('Cook Islands', 'Cook Islands', 'admin0', 'COK');
INSERT INTO geographies (id, label, geography_type, geo_id) VALUES ('Costa Rica', 'Costa Rica', 'admin0', 'CRI');
INSERT INTO geographies (id, label, geography_type, geo_id) VALUES ('Croatia', 'Croatia', 'admin0', 'HRV');
INSERT INTO geographies (id, label, geography_type, geo_id) VALUES ('Cuba', 'Cuba', 'admin0', 'CUB');
INSERT INTO geographies (id, label, geography_type, geo_id) VALUES ('Curaçao', 'Curaçao', 'admin0', 'CUW');
INSERT INTO geographies (id, label, geography_type, geo_id) VALUES ('Cyprus', 'Cyprus', 'admin0', 'CYP');
INSERT INTO geographies (id, label, geography_type, geo_id) VALUES ('Czechia', 'Czechia', 'admin0', 'CZE');
INSERT INTO geographies (id, label, geography_type, geo_id) VALUES ('Côte d''Ivoire', 'Côte d''Ivoire', 'admin0', 'CIV');
INSERT INTO geographies (id, label, geography_type, geo_id) VALUES ('Democratic Republic of the Congo', 'Democratic Republic of the Congo', 'admin0', 'COD');
INSERT INTO geographies (id, label, geography_type, geo_id) VALUES ('Denmark', 'Denmark', 'admin0', 'DNK');
INSERT INTO geographies (id, label, geography_type, geo_id) VALUES ('Djibouti', 'Djibouti', 'admin0', 'DJI');
INSERT INTO geographies (id, label, geography_type, geo_id) VALUES ('Dominica', 'Dominica', 'admin0', 'DMA');
INSERT INTO geographies (id, label, geography_type, geo_id) VALUES ('Dominican Republic', 'Dominican Republic', 'admin0', 'DOM');
INSERT INTO geographies (id, label, geography_type, geo_id) VALUES ('Ecuador', 'Ecuador', 'admin0', 'ECU');
INSERT INTO geographies (id, label, geography_type, geo_id) VALUES ('Egypt', 'Egypt', 'admin0', 'EGY');
INSERT INTO geographies (id, label, geography_type, geo_id) VALUES ('El Salvador', 'El Salvador', 'admin0', 'SLV');
INSERT INTO geographies (id, label, geography_type, geo_id) VALUES ('Equatorial Guinea', 'Equatorial Guinea', 'admin0', 'GNQ');
INSERT INTO geographies (id, label, geography_type, geo_id) VALUES ('Eritrea', 'Eritrea', 'admin0', 'ERI');
INSERT INTO geographies (id, label, geography_type, geo_id) VALUES ('Estonia', 'Estonia', 'admin0', 'EST');
INSERT INTO geographies (id, label, geography_type, geo_id) VALUES ('Eswatini', 'Eswatini', 'admin0', 'SWZ');
INSERT INTO geographies (id, label, geography_type, geo_id) VALUES ('Ethiopia', 'Ethiopia', 'admin0', 'ETH');
INSERT INTO geographies (id, label, geography_type, geo_id) VALUES ('Falkland Islands (Malvinas)', 'Falkland Islands (Malvinas)', 'admin0', 'FLK');
INSERT INTO geographies (id, label, geography_type, geo_id) VALUES ('Faroe Islands', 'Faroe Islands', 'admin0', 'FRO');
INSERT INTO geographies (id, label, geography_type, geo_id) VALUES ('Fiji', 'Fiji', 'admin0', 'FJI');
INSERT INTO geographies (id, label, geography_type, geo_id) VALUES ('Finland', 'Finland', 'admin0', 'FIN');
INSERT INTO geographies (id, label, geography_type, geo_id) VALUES ('France', 'France', 'admin0', 'FRA');
INSERT INTO geographies (id, label, geography_type, geo_id) VALUES ('French Guiana', 'French Guiana', 'admin0', 'GUF');
INSERT INTO geographies (id, label, geography_type, geo_id) VALUES ('French Polynesia', 'French Polynesia', 'admin0', 'PYF');
INSERT INTO geographies (id, label, geography_type, geo_id) VALUES ('French Southern Territories', 'French Southern Territories', 'admin0', 'ATF');
INSERT INTO geographies (id, label, geography_type, geo_id) VALUES ('Gabon', 'Gabon', 'admin0', 'GAB');
INSERT INTO geographies (id, label, geography_type, geo_id) VALUES ('Gambia', 'Gambia', 'admin0', 'GMB');
INSERT INTO geographies (id, label, geography_type, geo_id) VALUES ('Georgia', 'Georgia', 'admin0', 'GEO');
INSERT INTO geographies (id, label, geography_type, geo_id) VALUES ('Germany', 'Germany', 'admin0', 'DEU');
INSERT INTO geographies (id, label, geography_type, geo_id) VALUES ('Ghana', 'Ghana', 'admin0', 'GHA');
INSERT INTO geographies (id, label, geography_type, geo_id) VALUES ('Greece', 'Greece', 'admin0', 'GRC');
INSERT INTO geographies (id, label, geography_type, geo_id) VALUES ('Greenland', 'Greenland', 'admin0', 'GRL');
INSERT INTO geographies (id, label, geography_type, geo_id) VALUES ('Guatemala', 'Guatemala', 'admin0', 'GTM');
INSERT INTO geographies (id, label, geography_type, geo_id) VALUES ('Guinea', 'Guinea', 'admin0', 'GIN');
INSERT INTO geographies (id, label, geography_type, geo_id) VALUES ('Guinea-Bissau', 'Guinea-Bissau', 'admin0', 'GNB');
INSERT INTO geographies (id, label, geography_type, geo_id) VALUES ('Guyana', 'Guyana', 'admin0', 'GUY');
INSERT INTO geographies (id, label, geography_type, geo_id) VALUES ('Haiti', 'Haiti', 'admin0', 'HTI');
INSERT INTO geographies (id, label, geography_type, geo_id) VALUES ('Heard Island and McDonald Islands', 'Heard Island and McDonald Islands', 'admin0', 'HMD');
INSERT INTO geographies (id, label, geography_type, geo_id) VALUES ('Honduras', 'Honduras', 'admin0', 'HND');
INSERT INTO geographies (id, label, geography_type, geo_id) VALUES ('Hong Kong', 'Hong Kong', 'admin0', 'HKG');
INSERT INTO geographies (id, label, geography_type, geo_id) VALUES ('Hungary', 'Hungary', 'admin0', 'HUN');
INSERT INTO geographies (id, label, geography_type, geo_id) VALUES ('Iceland', 'Iceland', 'admin0', 'ISL');
INSERT INTO geographies (id, label, geography_type, geo_id) VALUES ('India', 'India', 'admin0', 'IND');
INSERT INTO geographies (id, label, geography_type, geo_id) VALUES ('Indonesia', 'Indonesia', 'admin0', 'IDN');
INSERT INTO geographies (id, label, geography_type, geo_id) VALUES ('Iran', 'Iran', 'admin0', 'IRN');
INSERT INTO geographies (id, label, geography_type, geo_id) VALUES ('Iraq', 'Iraq', 'admin0', 'IRQ');
INSERT INTO geographies (id, label, geography_type, geo_id) VALUES ('Ireland', 'Ireland', 'admin0', 'IRL');
INSERT INTO geographies (id, label, geography_type, geo_id) VALUES ('Isle of Man', 'Isle of Man', 'admin0', 'IMN');
INSERT INTO geographies (id, label, geography_type, geo_id) VALUES ('Israel', 'Israel', 'admin0', 'ISR');
INSERT INTO geographies (id, label, geography_type, geo_id) VALUES ('Italy', 'Italy', 'admin0', 'ITA');
INSERT INTO geographies (id, label, geography_type, geo_id) VALUES ('Jamaica', 'Jamaica', 'admin0', 'JAM');
INSERT INTO geographies (id, label, geography_type, geo_id) VALUES ('Japan', 'Japan', 'admin0', 'JPN');
INSERT INTO geographies (id, label, geography_type, geo_id) VALUES ('Jersey', 'Jersey', 'admin0', 'JEY');
INSERT INTO geographies (id, label, geography_type, geo_id) VALUES ('Jordan', 'Jordan', 'admin0', 'JOR');
INSERT INTO geographies (id, label, geography_type, geo_id) VALUES ('Kazakhstan', 'Kazakhstan', 'admin0', 'KAZ');
INSERT INTO geographies (id, label, geography_type, geo_id) VALUES ('Kenya', 'Kenya', 'admin0', 'KEN');
INSERT INTO geographies (id, label, geography_type, geo_id) VALUES ('Kiribati', 'Kiribati', 'admin0', 'KIR');
INSERT INTO geographies (id, label, geography_type, geo_id) VALUES ('Kosovo', 'Kosovo', 'admin0', 'KOS');
INSERT INTO geographies (id, label, geography_type, geo_id) VALUES ('Kuwait', 'Kuwait', 'admin0', 'KWT');
INSERT INTO geographies (id, label, geography_type, geo_id) VALUES ('Kyrgyzstan', 'Kyrgyzstan', 'admin0', 'KGZ');
INSERT INTO geographies (id, label, geography_type, geo_id) VALUES ('Laos', 'Laos', 'admin0', 'LAO');
INSERT INTO geographies (id, label, geography_type, geo_id) VALUES ('Latvia', 'Latvia', 'admin0', 'LVA');
INSERT INTO geographies (id, label, geography_type, geo_id) VALUES ('Lebanon', 'Lebanon', 'admin0', 'LBN');
INSERT INTO geographies (id, label, geography_type, geo_id) VALUES ('Lesotho', 'Lesotho', 'admin0', 'LSO');
INSERT INTO geographies (id, label, geography_type, geo_id) VALUES ('Liberia', 'Liberia', 'admin0', 'LBR');
INSERT INTO geographies (id, label, geography_type, geo_id) VALUES ('Libya', 'Libya', 'admin0', 'LBY');
INSERT INTO geographies (id, label, geography_type, geo_id) VALUES ('Liechtenstein', 'Liechtenstein', 'admin0', 'LIE');
INSERT INTO geographies (id, label, geography_type, geo_id) VALUES ('Lithuania', 'Lithuania', 'admin0', 'LTU');
INSERT INTO geographies (id, label, geography_type, geo_id) VALUES ('Luxembourg', 'Luxembourg', 'admin0', 'LUX');
INSERT INTO geographies (id, label, geography_type, geo_id) VALUES ('Macao', 'Macao', 'admin0', 'MAC');
INSERT INTO geographies (id, label, geography_type, geo_id) VALUES ('Madagascar', 'Madagascar', 'admin0', 'MDG');
INSERT INTO geographies (id, label, geography_type, geo_id) VALUES ('Malawi', 'Malawi', 'admin0', 'MWI');
INSERT INTO geographies (id, label, geography_type, geo_id) VALUES ('Malaysia', 'Malaysia', 'admin0', 'MYS');
INSERT INTO geographies (id, label, geography_type, geo_id) VALUES ('Maldives', 'Maldives', 'admin0', 'MDV');
INSERT INTO geographies (id, label, geography_type, geo_id) VALUES ('Mali', 'Mali', 'admin0', 'MLI');
INSERT INTO geographies (id, label, geography_type, geo_id) VALUES ('Malta', 'Malta', 'admin0', 'MLT');
INSERT INTO geographies (id, label, geography_type, geo_id) VALUES ('Marshall Islands', 'Marshall Islands', 'admin0', 'MHL');
INSERT INTO geographies (id, label, geography_type, geo_id) VALUES ('Martinique', 'Martinique', 'admin0', 'MTQ');
INSERT INTO geographies (id, label, geography_type, geo_id) VALUES ('Mauritania', 'Mauritania', 'admin0', 'MRT');
INSERT INTO geographies (id, label, geography_type, geo_id) VALUES ('Mauritius', 'Mauritius', 'admin0', 'MUS');
INSERT INTO geographies (id, label, geography_type, geo_id) VALUES ('Mayotte', 'Mayotte', 'admin0', 'MYT');
INSERT INTO geographies (id, label, geography_type, geo_id) VALUES ('Mexico', 'Mexico', 'admin0', 'MEX');
INSERT INTO geographies (id, label, geography_type, geo_id) VALUES ('Micronesia', 'Micronesia', 'admin0', 'FSM');
INSERT INTO geographies (id, label, geography_type, geo_id) VALUES ('Moldova', 'Moldova', 'admin0', 'MDA');
INSERT INTO geographies (id, label, geography_type, geo_id) VALUES ('Monaco', 'Monaco', 'admin0', 'MCO');
INSERT INTO geographies (id, label, geography_type, geo_id) VALUES ('Mongolia', 'Mongolia', 'admin0', 'MNG');
INSERT INTO geographies (id, label, geography_type, geo_id) VALUES ('Montenegro', 'Montenegro', 'admin0', 'MNE');
INSERT INTO geographies (id, label, geography_type, geo_id) VALUES ('Montserrat', 'Montserrat', 'admin0', 'MSR');
INSERT INTO geographies (id, label, geography_type, geo_id) VALUES ('Morocco', 'Morocco', 'admin0', 'MAR');
INSERT INTO geographies (id, label, geography_type, geo_id) VALUES ('Mozambique', 'Mozambique', 'admin0', 'MOZ');
INSERT INTO geographies (id, label, geography_type, geo_id) VALUES ('Myanmar', 'Myanmar', 'admin0', 'MMR');
INSERT INTO geographies (id, label, geography_type, geo_id) VALUES ('Namibia', 'Namibia', 'admin0', 'NAM');
INSERT INTO geographies (id, label, geography_type, geo_id) VALUES ('Nauru', 'Nauru', 'admin0', 'NRU');
INSERT INTO geographies (id, label, geography_type, geo_id) VALUES ('Nepal', 'Nepal', 'admin0', 'NPL');
INSERT INTO geographies (id, label, geography_type, geo_id) VALUES ('Netherlands', 'Netherlands', 'admin0', 'NLD');
INSERT INTO geographies (id, label, geography_type, geo_id) VALUES ('New Caledonia', 'New Caledonia', 'admin0', 'NCL');
INSERT INTO geographies (id, label, geography_type, geo_id) VALUES ('New Zealand', 'New Zealand', 'admin0', 'NZL');
INSERT INTO geographies (id, label, geography_type, geo_id) VALUES ('Nicaragua', 'Nicaragua', 'admin0', 'NIC');
INSERT INTO geographies (id, label, geography_type, geo_id) VALUES ('Niger', 'Niger', 'admin0', 'NER');
INSERT INTO geographies (id, label, geography_type, geo_id) VALUES ('Nigeria', 'Nigeria', 'admin0', 'NGA');
INSERT INTO geographies (id, label, geography_type, geo_id) VALUES ('Niue', 'Niue', 'admin0', 'NIU');
INSERT INTO geographies (id, label, geography_type, geo_id) VALUES ('Norfolk Island', 'Norfolk Island', 'admin0', 'NFK');
INSERT INTO geographies (id, label, geography_type, geo_id) VALUES ('North Korea', 'North Korea', 'admin0', 'PRK');
INSERT INTO geographies (id, label, geography_type, geo_id) VALUES ('North Macedonia', 'North Macedonia', 'admin0', 'MKD');
INSERT INTO geographies (id, label, geography_type, geo_id) VALUES ('Northern Mariana Islands', 'Northern Mariana Islands', 'admin0', 'MNP');
INSERT INTO geographies (id, label, geography_type, geo_id) VALUES ('Norway', 'Norway', 'admin0', 'NOR');
INSERT INTO geographies (id, label, geography_type, geo_id) VALUES ('Oman', 'Oman', 'admin0', 'OMN');
INSERT INTO geographies (id, label, geography_type, geo_id) VALUES ('Pakistan', 'Pakistan', 'admin0', 'PAK');
INSERT INTO geographies (id, label, geography_type, geo_id) VALUES ('Palau', 'Palau', 'admin0', 'PLW');
INSERT INTO geographies (id, label, geography_type, geo_id) VALUES ('Palestine', 'Palestine', 'admin0', 'PSX');
INSERT INTO geographies (id, label, geography_type, geo_id) VALUES ('Panama', 'Panama', 'admin0', 'PAN');
INSERT INTO geographies (id, label, geography_type, geo_id) VALUES ('Papua New Guinea', 'Papua New Guinea', 'admin0', 'PNG');
INSERT INTO geographies (id, label, geography_type, geo_id) VALUES ('Paraguay', 'Paraguay', 'admin0', 'PRY');
INSERT INTO geographies (id, label, geography_type, geo_id) VALUES ('Peru', 'Peru', 'admin0', 'PER');
INSERT INTO geographies (id, label, geography_type, geo_id) VALUES ('Philippines', 'Philippines', 'admin0', 'PHL');
INSERT INTO geographies (id, label, geography_type, geo_id) VALUES ('Pitcairn', 'Pitcairn', 'admin0', 'PCN');
INSERT INTO geographies (id, label, geography_type, geo_id) VALUES ('Poland', 'Poland', 'admin0', 'POL');
INSERT INTO geographies (id, label, geography_type, geo_id) VALUES ('Portugal', 'Portugal', 'admin0', 'PRT');
INSERT INTO geographies (id, label, geography_type, geo_id) VALUES ('Puerto Rico', 'Puerto Rico', 'admin0', 'PRI');
INSERT INTO geographies (id, label, geography_type, geo_id) VALUES ('Qatar', 'Qatar', 'admin0', 'QAT');
INSERT INTO geographies (id, label, geography_type, geo_id) VALUES ('Romania', 'Romania', 'admin0', 'ROU');
INSERT INTO geographies (id, label, geography_type, geo_id) VALUES ('Russian Federation', 'Russian Federation', 'admin0', 'RUS');
INSERT INTO geographies (id, label, geography_type, geo_id) VALUES ('Rwanda', 'Rwanda', 'admin0', 'RWA');
INSERT INTO geographies (id, label, geography_type, geo_id) VALUES ('Réunion', 'Réunion', 'admin0', 'REU');
INSERT INTO geographies (id, label, geography_type, geo_id) VALUES ('Saint Barthélemy', 'Saint Barthélemy', 'admin0', 'BLM');
INSERT INTO geographies (id, label, geography_type, geo_id) VALUES ('Saint Helena', 'Saint Helena', 'admin0', 'SHN');
INSERT INTO geographies (id, label, geography_type, geo_id) VALUES ('Saint Kitts and Nevis', 'Saint Kitts and Nevis', 'admin0', 'KNA');
INSERT INTO geographies (id, label, geography_type, geo_id) VALUES ('Saint Lucia', 'Saint Lucia', 'admin0', 'LCA');
INSERT INTO geographies (id, label, geography_type, geo_id) VALUES ('Saint Martin (French part)', 'Saint Martin (French part)', 'admin0', 'MAF');
INSERT INTO geographies (id, label, geography_type, geo_id) VALUES ('Saint Pierre and Miquelon', 'Saint Pierre and Miquelon', 'admin0', 'SPM');
INSERT INTO geographies (id, label, geography_type, geo_id) VALUES ('Saint Vincent and the Grenadines', 'Saint Vincent and the Grenadines', 'admin0', 'VCT');
INSERT INTO geographies (id, label, geography_type, geo_id) VALUES ('Samoa', 'Samoa', 'admin0', 'WSM');
INSERT INTO geographies (id, label, geography_type, geo_id) VALUES ('San Marino', 'San Marino', 'admin0', 'SMR');
INSERT INTO geographies (id, label, geography_type, geo_id) VALUES ('Sao Tome and Principe', 'Sao Tome and Principe', 'admin0', 'STP');
INSERT INTO geographies (id, label, geography_type, geo_id) VALUES ('Saudi Arabia', 'Saudi Arabia', 'admin0', 'SAU');
INSERT INTO geographies (id, label, geography_type, geo_id) VALUES ('Senegal', 'Senegal', 'admin0', 'SEN');
INSERT INTO geographies (id, label, geography_type, geo_id) VALUES ('Serbia', 'Serbia', 'admin0', 'SRB');
INSERT INTO geographies (id, label, geography_type, geo_id) VALUES ('Seychelles', 'Seychelles', 'admin0', 'SYC');
INSERT INTO geographies (id, label, geography_type, geo_id) VALUES ('Sierra Leone', 'Sierra Leone', 'admin0', 'SLE');
INSERT INTO geographies (id, label, geography_type, geo_id) VALUES ('Singapore', 'Singapore', 'admin0', 'SGP');
INSERT INTO geographies (id, label, geography_type, geo_id) VALUES ('Sint Maarten (Dutch part)', 'Sint Maarten (Dutch part)', 'admin0', 'SXM');
INSERT INTO geographies (id, label, geography_type, geo_id) VALUES ('Slovakia', 'Slovakia', 'admin0', 'SVK');
INSERT INTO geographies (id, label, geography_type, geo_id) VALUES ('Slovenia', 'Slovenia', 'admin0', 'SVN');
INSERT INTO geographies (id, label, geography_type, geo_id) VALUES ('Solomon Islands', 'Solomon Islands', 'admin0', 'SLB');
INSERT INTO geographies (id, label, geography_type, geo_id) VALUES ('Somalia', 'Somalia', 'admin0', 'SOM');
INSERT INTO geographies (id, label, geography_type, geo_id) VALUES ('South Africa', 'South Africa', 'admin0', 'ZAF');
INSERT INTO geographies (id, label, geography_type, geo_id) VALUES ('South Georgia and the South Sandwich Islands', 'South Georgia and the South Sandwich Islands', 'admin0', 'SGS');
INSERT INTO geographies (id, label, geography_type, geo_id) VALUES ('South Korea', 'South Korea', 'admin0', 'KOR');
INSERT INTO geographies (id, label, geography_type, geo_id) VALUES ('South Sudan', 'South Sudan', 'admin0', 'SDS');
INSERT INTO geographies (id, label, geography_type, geo_id) VALUES ('Spain', 'Spain', 'admin0', 'ESP');
INSERT INTO geographies (id, label, geography_type, geo_id) VALUES ('Sri Lanka', 'Sri Lanka', 'admin0', 'LKA');
INSERT INTO geographies (id, label, geography_type, geo_id) VALUES ('Sudan', 'Sudan', 'admin0', 'SDN');
INSERT INTO geographies (id, label, geography_type, geo_id) VALUES ('Suriname', 'Suriname', 'admin0', 'SUR');
INSERT INTO geographies (id, label, geography_type, geo_id) VALUES ('Svalbard and Jan Mayen', 'Svalbard and Jan Mayen', 'admin0', 'SJM');
INSERT INTO geographies (id, label, geography_type, geo_id) VALUES ('Sweden', 'Sweden', 'admin0', 'SWE');
INSERT INTO geographies (id, label, geography_type, geo_id) VALUES ('Switzerland', 'Switzerland', 'admin0', 'CHE');
INSERT INTO geographies (id, label, geography_type, geo_id) VALUES ('Syria', 'Syria', 'admin0', 'SYR');
INSERT INTO geographies (id, label, geography_type, geo_id) VALUES ('Taiwan', 'Taiwan', 'admin0', 'TWN');
INSERT INTO geographies (id, label, geography_type, geo_id) VALUES ('Tajikistan', 'Tajikistan', 'admin0', 'TJK');
INSERT INTO geographies (id, label, geography_type, geo_id) VALUES ('Tanzania', 'Tanzania', 'admin0', 'TZA');
INSERT INTO geographies (id, label, geography_type, geo_id) VALUES ('Thailand', 'Thailand', 'admin0', 'THA');
INSERT INTO geographies (id, label, geography_type, geo_id) VALUES ('Timor-Leste', 'Timor-Leste', 'admin0', 'TLS');
INSERT INTO geographies (id, label, geography_type, geo_id) VALUES ('Togo', 'Togo', 'admin0', 'TGO');
INSERT INTO geographies (id, label, geography_type, geo_id) VALUES ('Tokelau', 'Tokelau', 'admin0', 'TKL');
INSERT INTO geographies (id, label, geography_type, geo_id) VALUES ('Tonga', 'Tonga', 'admin0', 'TON');
INSERT INTO geographies (id, label, geography_type, geo_id) VALUES ('Trinidad and Tobago', 'Trinidad and Tobago', 'admin0', 'TTO');
INSERT INTO geographies (id, label, geography_type, geo_id) VALUES ('Tunisia', 'Tunisia', 'admin0', 'TUN');
INSERT INTO geographies (id, label, geography_type, geo_id) VALUES ('Turkey', 'Turkey', 'admin0', 'TUR');
INSERT INTO geographies (id, label, geography_type, geo_id) VALUES ('Turkmenistan', 'Turkmenistan', 'admin0', 'TKM');
INSERT INTO geographies (id, label, geography_type, geo_id) VALUES ('Turks and Caicos Islands', 'Turks and Caicos Islands', 'admin0', 'TCA');
INSERT INTO geographies (id, label, geography_type, geo_id) VALUES ('Tuvalu', 'Tuvalu', 'admin0', 'TUV');
INSERT INTO geographies (id, label, geography_type, geo_id) VALUES ('Uganda', 'Uganda', 'admin0', 'UGA');
INSERT INTO geographies (id, label, geography_type, geo_id) VALUES ('Ukraine', 'Ukraine', 'admin0', 'UKR');
INSERT INTO geographies (id, label, geography_type, geo_id) VALUES ('United Arab Emirates', 'United Arab Emirates', 'admin0', 'ARE');
INSERT INTO geographies (id, label, geography_type, geo_id) VALUES ('United Kingdom', 'United Kingdom', 'admin0', 'GBR');
INSERT INTO geographies (id, label, geography_type, geo_id) VALUES ('United States', 'United States', 'admin0', 'USA');
INSERT INTO geographies (id, label, geography_type, geo_id) VALUES ('United States Minor Outlying Islands', 'United States Minor Outlying Islands', 'admin0', 'UMI');
INSERT INTO geographies (id, label, geography_type, geo_id) VALUES ('United States Virgin Islands', 'United States Virgin Islands', 'admin0', 'VIR');
INSERT INTO geographies (id, label, geography_type, geo_id) VALUES ('Uruguay', 'Uruguay', 'admin0', 'URY');
INSERT INTO geographies (id, label, geography_type, geo_id) VALUES ('Uzbekistan', 'Uzbekistan', 'admin0', 'UZB');
INSERT INTO geographies (id, label, geography_type, geo_id) VALUES ('Vanuatu', 'Vanuatu', 'admin0', 'VUT');
INSERT INTO geographies (id, label, geography_type, geo_id) VALUES ('Vatican', 'Vatican', 'admin0', 'VAT');
INSERT INTO geographies (id, label, geography_type, geo_id) VALUES ('Venezuela', 'Venezuela', 'admin0', 'VEN');
INSERT INTO geographies (id, label, geography_type, geo_id) VALUES ('Viet Nam', 'Viet Nam', 'admin0', 'VNM');
INSERT INTO geographies (id, label, geography_type, geo_id) VALUES ('Wallis and Futuna', 'Wallis and Futuna', 'admin0', 'WLF');
INSERT INTO geographies (id, label, geography_type, geo_id) VALUES ('Western Sahara', 'Western Sahara', 'admin0', 'SAH');
INSERT INTO geographies (id, label, geography_type, geo_id) VALUES ('Yemen', 'Yemen', 'admin0', 'YEM');
INSERT INTO geographies (id, label, geography_type, geo_id) VALUES ('Zambia', 'Zambia', 'admin0', 'ZMB');
INSERT INTO geographies (id, label, geography_type, geo_id) VALUES ('Zimbabwe', 'Zimbabwe', 'admin0', 'ZWE');
INSERT INTO geographies (id, label, geography_type, geo_id) VALUES ('Åland Islands', 'Åland Islands', 'admin0', 'ALA');

-- Exclusive Economic Zones (EEZ) → eez (175 entries)
INSERT INTO geographies (id, label, geography_type, geo_id) VALUES ('Liberia (EEZ)', 'Liberia (EEZ)', 'eez', 'liberia');
INSERT INTO geographies (id, label, geography_type, geo_id) VALUES ('Myanmar (EEZ)', 'Myanmar (EEZ)', 'eez', 'myanmar');
INSERT INTO geographies (id, label, geography_type, geo_id) VALUES ('Lebanon (EEZ)', 'Lebanon (EEZ)', 'eez', 'lebanon');
INSERT INTO geographies (id, label, geography_type, geo_id) VALUES ('Republic of Mauritius (EEZ)', 'Republic of Mauritius (EEZ)', 'eez', 'republic_of_mauritius');
INSERT INTO geographies (id, label, geography_type, geo_id) VALUES ('Brunei (EEZ)', 'Brunei (EEZ)', 'eez', 'brunei');
INSERT INTO geographies (id, label, geography_type, geo_id) VALUES ('Cambodia (EEZ)', 'Cambodia (EEZ)', 'eez', 'cambodia');
INSERT INTO geographies (id, label, geography_type, geo_id) VALUES ('Saint Vincent and the Grenadines (EEZ)', 'Saint Vincent and the Grenadines (EEZ)', 'eez', 'saint_vincent_and_the_grenadines');
INSERT INTO geographies (id, label, geography_type, geo_id) VALUES ('Nigeria (EEZ)', 'Nigeria (EEZ)', 'eez', 'nigeria');
INSERT INTO geographies (id, label, geography_type, geo_id) VALUES ('Romania (EEZ)', 'Romania (EEZ)', 'eez', 'romania');
INSERT INTO geographies (id, label, geography_type, geo_id) VALUES ('Indonesia (EEZ)', 'Indonesia (EEZ)', 'eez', 'indonesia');
INSERT INTO geographies (id, label, geography_type, geo_id) VALUES ('Venezuela (EEZ)', 'Venezuela (EEZ)', 'eez', 'venezuela');
INSERT INTO geographies (id, label, geography_type, geo_id) VALUES ('Brazil (EEZ)', 'Brazil (EEZ)', 'eez', 'brazil');
INSERT INTO geographies (id, label, geography_type, geo_id) VALUES ('Barbados (EEZ)', 'Barbados (EEZ)', 'eez', 'barbados');
INSERT INTO geographies (id, label, geography_type, geo_id) VALUES ('Greece (EEZ)', 'Greece (EEZ)', 'eez', 'greece');
INSERT INTO geographies (id, label, geography_type, geo_id) VALUES ('Grenada (EEZ)', 'Grenada (EEZ)', 'eez', 'grenada');
INSERT INTO geographies (id, label, geography_type, geo_id) VALUES ('Philippines (EEZ)', 'Philippines (EEZ)', 'eez', 'philippines');
INSERT INTO geographies (id, label, geography_type, geo_id) VALUES ('Tanzania (EEZ)', 'Tanzania (EEZ)', 'eez', 'tanzania');
INSERT INTO geographies (id, label, geography_type, geo_id) VALUES ('Sweden (EEZ)', 'Sweden (EEZ)', 'eez', 'sweden');
INSERT INTO geographies (id, label, geography_type, geo_id) VALUES ('Ukraine (EEZ)', 'Ukraine (EEZ)', 'eez', 'ukraine');
INSERT INTO geographies (id, label, geography_type, geo_id) VALUES ('Angola (EEZ)', 'Angola (EEZ)', 'eez', 'angola');
INSERT INTO geographies (id, label, geography_type, geo_id) VALUES ('Guinea (EEZ)', 'Guinea (EEZ)', 'eez', 'guinea');
INSERT INTO geographies (id, label, geography_type, geo_id) VALUES ('Bangladesh (EEZ)', 'Bangladesh (EEZ)', 'eez', 'bangladesh');
INSERT INTO geographies (id, label, geography_type, geo_id) VALUES ('Mauritania (EEZ)', 'Mauritania (EEZ)', 'eez', 'mauritania');
INSERT INTO geographies (id, label, geography_type, geo_id) VALUES ('Vanuatu (EEZ)', 'Vanuatu (EEZ)', 'eez', 'vanuatu');
INSERT INTO geographies (id, label, geography_type, geo_id) VALUES ('India (EEZ)', 'India (EEZ)', 'eez', 'india');
INSERT INTO geographies (id, label, geography_type, geo_id) VALUES ('Gabon (EEZ)', 'Gabon (EEZ)', 'eez', 'gabon');
INSERT INTO geographies (id, label, geography_type, geo_id) VALUES ('Phoenix Group (EEZ)', 'Phoenix Group (EEZ)', 'eez', 'phoenix_group');
INSERT INTO geographies (id, label, geography_type, geo_id) VALUES ('Navassa Island (EEZ)', 'Navassa Island (EEZ)', 'eez', 'navassa_island');
INSERT INTO geographies (id, label, geography_type, geo_id) VALUES ('Thailand (EEZ)', 'Thailand (EEZ)', 'eez', 'thailand');
INSERT INTO geographies (id, label, geography_type, geo_id) VALUES ('Panama (EEZ)', 'Panama (EEZ)', 'eez', 'panama');
INSERT INTO geographies (id, label, geography_type, geo_id) VALUES ('Estonia (EEZ)', 'Estonia (EEZ)', 'eez', 'estonia');
INSERT INTO geographies (id, label, geography_type, geo_id) VALUES ('China (EEZ)', 'China (EEZ)', 'eez', 'china');
INSERT INTO geographies (id, label, geography_type, geo_id) VALUES ('Cape Verde (EEZ)', 'Cape Verde (EEZ)', 'eez', 'cape_verde');
INSERT INTO geographies (id, label, geography_type, geo_id) VALUES ('Pakistan (EEZ)', 'Pakistan (EEZ)', 'eez', 'pakistan');
INSERT INTO geographies (id, label, geography_type, geo_id) VALUES ('Spain (EEZ)', 'Spain (EEZ)', 'eez', 'spain');
INSERT INTO geographies (id, label, geography_type, geo_id) VALUES ('Saint Lucia (EEZ)', 'Saint Lucia (EEZ)', 'eez', 'saint_lucia');
INSERT INTO geographies (id, label, geography_type, geo_id) VALUES ('Western Sahara (EEZ)', 'Western Sahara (EEZ)', 'eez', 'western_sahara');
INSERT INTO geographies (id, label, geography_type, geo_id) VALUES ('Iceland (EEZ)', 'Iceland (EEZ)', 'eez', 'iceland');
INSERT INTO geographies (id, label, geography_type, geo_id) VALUES ('Equatorial Guinea (EEZ)', 'Equatorial Guinea (EEZ)', 'eez', 'equatorial_guinea');
INSERT INTO geographies (id, label, geography_type, geo_id) VALUES ('Costa Rica (EEZ)', 'Costa Rica (EEZ)', 'eez', 'costa_rica');
INSERT INTO geographies (id, label, geography_type, geo_id) VALUES ('Canada (EEZ)', 'Canada (EEZ)', 'eez', 'canada');
INSERT INTO geographies (id, label, geography_type, geo_id) VALUES ('Ghana (EEZ)', 'Ghana (EEZ)', 'eez', 'ghana');
INSERT INTO geographies (id, label, geography_type, geo_id) VALUES ('Ivory Coast (EEZ)', 'Ivory Coast (EEZ)', 'eez', 'ivory_coast');
INSERT INTO geographies (id, label, geography_type, geo_id) VALUES ('Russia (EEZ)', 'Russia (EEZ)', 'eez', 'russia');
INSERT INTO geographies (id, label, geography_type, geo_id) VALUES ('Federal Republic of Somalia (EEZ)', 'Federal Republic of Somalia (EEZ)', 'eez', 'federal_republic_of_somalia');
INSERT INTO geographies (id, label, geography_type, geo_id) VALUES ('Bulgaria (EEZ)', 'Bulgaria (EEZ)', 'eez', 'bulgaria');
INSERT INTO geographies (id, label, geography_type, geo_id) VALUES ('Ecuador (EEZ)', 'Ecuador (EEZ)', 'eez', 'ecuador');
INSERT INTO geographies (id, label, geography_type, geo_id) VALUES ('Colombia (EEZ)', 'Colombia (EEZ)', 'eez', 'colombia');
INSERT INTO geographies (id, label, geography_type, geo_id) VALUES ('Comores (EEZ)', 'Comores (EEZ)', 'eez', 'comores');
INSERT INTO geographies (id, label, geography_type, geo_id) VALUES ('Republic of the Congo (EEZ)', 'Republic of the Congo (EEZ)', 'eez', 'republic_of_the_congo');
INSERT INTO geographies (id, label, geography_type, geo_id) VALUES ('Nauru (EEZ)', 'Nauru (EEZ)', 'eez', 'nauru');
INSERT INTO geographies (id, label, geography_type, geo_id) VALUES ('Sudan (EEZ)', 'Sudan (EEZ)', 'eez', 'sudan');
INSERT INTO geographies (id, label, geography_type, geo_id) VALUES ('Democratic Republic of the Congo (EEZ)', 'Democratic Republic of the Congo (EEZ)', 'eez', 'democratic_republic_of_the_congo');
INSERT INTO geographies (id, label, geography_type, geo_id) VALUES ('Algeria (EEZ)', 'Algeria (EEZ)', 'eez', 'algeria');
INSERT INTO geographies (id, label, geography_type, geo_id) VALUES ('El Salvador (EEZ)', 'El Salvador (EEZ)', 'eez', 'el_salvador');
INSERT INTO geographies (id, label, geography_type, geo_id) VALUES ('Papua New Guinea (EEZ)', 'Papua New Guinea (EEZ)', 'eez', 'papua_new_guinea');
INSERT INTO geographies (id, label, geography_type, geo_id) VALUES ('Marshall Islands (EEZ)', 'Marshall Islands (EEZ)', 'eez', 'marshall_islands');
INSERT INTO geographies (id, label, geography_type, geo_id) VALUES ('Gambia (EEZ)', 'Gambia (EEZ)', 'eez', 'gambia');
INSERT INTO geographies (id, label, geography_type, geo_id) VALUES ('South Korea (EEZ)', 'South Korea (EEZ)', 'eez', 'south_korea');
INSERT INTO geographies (id, label, geography_type, geo_id) VALUES ('Sao Tome and Principe (EEZ)', 'Sao Tome and Principe (EEZ)', 'eez', 'sao_tome_and_principe');
INSERT INTO geographies (id, label, geography_type, geo_id) VALUES ('Belize (EEZ)', 'Belize (EEZ)', 'eez', 'belize');
INSERT INTO geographies (id, label, geography_type, geo_id) VALUES ('Micronesia (EEZ)', 'Micronesia (EEZ)', 'eez', 'micronesia');
INSERT INTO geographies (id, label, geography_type, geo_id) VALUES ('Italy (EEZ)', 'Italy (EEZ)', 'eez', 'italy');
INSERT INTO geographies (id, label, geography_type, geo_id) VALUES ('Sierra Leone (EEZ)', 'Sierra Leone (EEZ)', 'eez', 'sierra_leone');
INSERT INTO geographies (id, label, geography_type, geo_id) VALUES ('Solomon Islands (EEZ)', 'Solomon Islands (EEZ)', 'eez', 'solomon_islands');
INSERT INTO geographies (id, label, geography_type, geo_id) VALUES ('Dominican Republic (EEZ)', 'Dominican Republic (EEZ)', 'eez', 'dominican_republic');
INSERT INTO geographies (id, label, geography_type, geo_id) VALUES ('Israel (EEZ)', 'Israel (EEZ)', 'eez', 'israel');
INSERT INTO geographies (id, label, geography_type, geo_id) VALUES ('Morocco (EEZ)', 'Morocco (EEZ)', 'eez', 'morocco');
INSERT INTO geographies (id, label, geography_type, geo_id) VALUES ('Togo (EEZ)', 'Togo (EEZ)', 'eez', 'togo');
INSERT INTO geographies (id, label, geography_type, geo_id) VALUES ('Oman (EEZ)', 'Oman (EEZ)', 'eez', 'oman');
INSERT INTO geographies (id, label, geography_type, geo_id) VALUES ('Senegal (EEZ)', 'Senegal (EEZ)', 'eez', 'senegal');
INSERT INTO geographies (id, label, geography_type, geo_id) VALUES ('Tonga (EEZ)', 'Tonga (EEZ)', 'eez', 'tonga');
INSERT INTO geographies (id, label, geography_type, geo_id) VALUES ('Antigua and Barbuda (EEZ)', 'Antigua and Barbuda (EEZ)', 'eez', 'antigua_and_barbuda');
INSERT INTO geographies (id, label, geography_type, geo_id) VALUES ('Malaysia (EEZ)', 'Malaysia (EEZ)', 'eez', 'malaysia');
INSERT INTO geographies (id, label, geography_type, geo_id) VALUES ('Guinea-Bissau (EEZ)', 'Guinea-Bissau (EEZ)', 'eez', 'guinea-bissau');
INSERT INTO geographies (id, label, geography_type, geo_id) VALUES ('Taiwan (EEZ)', 'Taiwan (EEZ)', 'eez', 'taiwan');
INSERT INTO geographies (id, label, geography_type, geo_id) VALUES ('Palau (EEZ)', 'Palau (EEZ)', 'eez', 'palau');
INSERT INTO geographies (id, label, geography_type, geo_id) VALUES ('Suriname (EEZ)', 'Suriname (EEZ)', 'eez', 'suriname');
INSERT INTO geographies (id, label, geography_type, geo_id) VALUES ('Benin (EEZ)', 'Benin (EEZ)', 'eez', 'benin');
INSERT INTO geographies (id, label, geography_type, geo_id) VALUES ('Eritrea (EEZ)', 'Eritrea (EEZ)', 'eez', 'eritrea');
INSERT INTO geographies (id, label, geography_type, geo_id) VALUES ('Georgia (EEZ)', 'Georgia (EEZ)', 'eez', 'georgia');
INSERT INTO geographies (id, label, geography_type, geo_id) VALUES ('Ireland (EEZ)', 'Ireland (EEZ)', 'eez', 'ireland');
INSERT INTO geographies (id, label, geography_type, geo_id) VALUES ('Guyana (EEZ)', 'Guyana (EEZ)', 'eez', 'guyana');
INSERT INTO geographies (id, label, geography_type, geo_id) VALUES ('Timor Leste (EEZ)', 'Timor Leste (EEZ)', 'eez', 'timor_leste');
INSERT INTO geographies (id, label, geography_type, geo_id) VALUES ('Saint Kitts and Nevis (EEZ)', 'Saint Kitts and Nevis (EEZ)', 'eez', 'saint_kitts_and_nevis');
INSERT INTO geographies (id, label, geography_type, geo_id) VALUES ('Samoa (EEZ)', 'Samoa (EEZ)', 'eez', 'samoa');
INSERT INTO geographies (id, label, geography_type, geo_id) VALUES ('South Africa (EEZ)', 'South Africa (EEZ)', 'eez', 'south_africa');
INSERT INTO geographies (id, label, geography_type, geo_id) VALUES ('Lithuania (EEZ)', 'Lithuania (EEZ)', 'eez', 'lithuania');
INSERT INTO geographies (id, label, geography_type, geo_id) VALUES ('Trinidad and Tobago (EEZ)', 'Trinidad and Tobago (EEZ)', 'eez', 'trinidad_and_tobago');
INSERT INTO geographies (id, label, geography_type, geo_id) VALUES ('Cuba (EEZ)', 'Cuba (EEZ)', 'eez', 'cuba');
INSERT INTO geographies (id, label, geography_type, geo_id) VALUES ('Kenya (EEZ)', 'Kenya (EEZ)', 'eez', 'kenya');
INSERT INTO geographies (id, label, geography_type, geo_id) VALUES ('Peru (EEZ)', 'Peru (EEZ)', 'eez', 'peru');
INSERT INTO geographies (id, label, geography_type, geo_id) VALUES ('Saudi Arabia (EEZ)', 'Saudi Arabia (EEZ)', 'eez', 'saudi_arabia');
INSERT INTO geographies (id, label, geography_type, geo_id) VALUES ('Mozambique (EEZ)', 'Mozambique (EEZ)', 'eez', 'mozambique');
INSERT INTO geographies (id, label, geography_type, geo_id) VALUES ('Namibia (EEZ)', 'Namibia (EEZ)', 'eez', 'namibia');
INSERT INTO geographies (id, label, geography_type, geo_id) VALUES ('Latvia (EEZ)', 'Latvia (EEZ)', 'eez', 'latvia');
INSERT INTO geographies (id, label, geography_type, geo_id) VALUES ('Dominica (EEZ)', 'Dominica (EEZ)', 'eez', 'dominica');
INSERT INTO geographies (id, label, geography_type, geo_id) VALUES ('Vietnam (EEZ)', 'Vietnam (EEZ)', 'eez', 'vietnam');
INSERT INTO geographies (id, label, geography_type, geo_id) VALUES ('Tuvalu (EEZ)', 'Tuvalu (EEZ)', 'eez', 'tuvalu');
INSERT INTO geographies (id, label, geography_type, geo_id) VALUES ('Guatemala (EEZ)', 'Guatemala (EEZ)', 'eez', 'guatemala');
INSERT INTO geographies (id, label, geography_type, geo_id) VALUES ('Fiji (EEZ)', 'Fiji (EEZ)', 'eez', 'fiji');
INSERT INTO geographies (id, label, geography_type, geo_id) VALUES ('Nicaragua (EEZ)', 'Nicaragua (EEZ)', 'eez', 'nicaragua');
INSERT INTO geographies (id, label, geography_type, geo_id) VALUES ('Turkey (EEZ)', 'Turkey (EEZ)', 'eez', 'turkey');
INSERT INTO geographies (id, label, geography_type, geo_id) VALUES ('Tunisia (EEZ)', 'Tunisia (EEZ)', 'eez', 'tunisia');
INSERT INTO geographies (id, label, geography_type, geo_id) VALUES ('Argentina (EEZ)', 'Argentina (EEZ)', 'eez', 'argentina');
INSERT INTO geographies (id, label, geography_type, geo_id) VALUES ('Cameroon (EEZ)', 'Cameroon (EEZ)', 'eez', 'cameroon');
INSERT INTO geographies (id, label, geography_type, geo_id) VALUES ('Japan (EEZ)', 'Japan (EEZ)', 'eez', 'japan');
INSERT INTO geographies (id, label, geography_type, geo_id) VALUES ('Sri Lanka (EEZ)', 'Sri Lanka (EEZ)', 'eez', 'sri_lanka');
INSERT INTO geographies (id, label, geography_type, geo_id) VALUES ('Maldives (EEZ)', 'Maldives (EEZ)', 'eez', 'maldives');
INSERT INTO geographies (id, label, geography_type, geo_id) VALUES ('Egypt (EEZ)', 'Egypt (EEZ)', 'eez', 'egypt');
INSERT INTO geographies (id, label, geography_type, geo_id) VALUES ('Malta (EEZ)', 'Malta (EEZ)', 'eez', 'malta');
INSERT INTO geographies (id, label, geography_type, geo_id) VALUES ('Seychelles (EEZ)', 'Seychelles (EEZ)', 'eez', 'seychelles');
INSERT INTO geographies (id, label, geography_type, geo_id) VALUES ('Germany (EEZ)', 'Germany (EEZ)', 'eez', 'germany');
INSERT INTO geographies (id, label, geography_type, geo_id) VALUES ('Yemen (EEZ)', 'Yemen (EEZ)', 'eez', 'yemen');
INSERT INTO geographies (id, label, geography_type, geo_id) VALUES ('Madagascar (EEZ)', 'Madagascar (EEZ)', 'eez', 'madagascar');
INSERT INTO geographies (id, label, geography_type, geo_id) VALUES ('Honduras (EEZ)', 'Honduras (EEZ)', 'eez', 'honduras');
INSERT INTO geographies (id, label, geography_type, geo_id) VALUES ('Jamaica (EEZ)', 'Jamaica (EEZ)', 'eez', 'jamaica');
INSERT INTO geographies (id, label, geography_type, geo_id) VALUES ('Bahamas (EEZ)', 'Bahamas (EEZ)', 'eez', 'bahamas');
INSERT INTO geographies (id, label, geography_type, geo_id) VALUES ('Libya (EEZ)', 'Libya (EEZ)', 'eez', 'libya');
INSERT INTO geographies (id, label, geography_type, geo_id) VALUES ('Portugal (EEZ)', 'Portugal (EEZ)', 'eez', 'portugal');
INSERT INTO geographies (id, label, geography_type, geo_id) VALUES ('Mexico (EEZ)', 'Mexico (EEZ)', 'eez', 'mexico');
INSERT INTO geographies (id, label, geography_type, geo_id) VALUES ('Uruguay (EEZ)', 'Uruguay (EEZ)', 'eez', 'uruguay');
INSERT INTO geographies (id, label, geography_type, geo_id) VALUES ('North Korea (EEZ)', 'North Korea (EEZ)', 'eez', 'north_korea');
INSERT INTO geographies (id, label, geography_type, geo_id) VALUES ('Norway (EEZ)', 'Norway (EEZ)', 'eez', 'norway');
INSERT INTO geographies (id, label, geography_type, geo_id) VALUES ('Cyprus (EEZ)', 'Cyprus (EEZ)', 'eez', 'cyprus');
INSERT INTO geographies (id, label, geography_type, geo_id) VALUES ('French Polynesia (EEZ)', 'French Polynesia (EEZ)', 'eez', 'french_polynesia');
INSERT INTO geographies (id, label, geography_type, geo_id) VALUES ('Mayotte (EEZ)', 'Mayotte (EEZ)', 'eez', 'mayotte');
INSERT INTO geographies (id, label, geography_type, geo_id) VALUES ('Ile Tromelin (EEZ)', 'Ile Tromelin (EEZ)', 'eez', 'ile_tromelin');
INSERT INTO geographies (id, label, geography_type, geo_id) VALUES ('New Caledonia (EEZ)', 'New Caledonia (EEZ)', 'eez', 'new_caledonia');
INSERT INTO geographies (id, label, geography_type, geo_id) VALUES ('La Reunion (EEZ)', 'La Reunion (EEZ)', 'eez', 'la_reunion');
INSERT INTO geographies (id, label, geography_type, geo_id) VALUES ('Matthew and Hunter Islands (EEZ)', 'Matthew and Hunter Islands (EEZ)', 'eez', 'matthew_and_hunter_islands');
INSERT INTO geographies (id, label, geography_type, geo_id) VALUES ('Clipperton Island (EEZ)', 'Clipperton Island (EEZ)', 'eez', 'clipperton_island');
INSERT INTO geographies (id, label, geography_type, geo_id) VALUES ('Guadeloupe (EEZ)', 'Guadeloupe (EEZ)', 'eez', 'guadeloupe');
INSERT INTO geographies (id, label, geography_type, geo_id) VALUES ('Saint Barthelemy (EEZ)', 'Saint Barthelemy (EEZ)', 'eez', 'saint_barthelemy');
INSERT INTO geographies (id, label, geography_type, geo_id) VALUES ('Collectivity of Saint Martin (EEZ)', 'Collectivity of Saint Martin (EEZ)', 'eez', 'collectivity_of_saint_martin');
INSERT INTO geographies (id, label, geography_type, geo_id) VALUES ('Saint-Pierre and Miquelon (EEZ)', 'Saint-Pierre and Miquelon (EEZ)', 'eez', 'saint-pierre_and_miquelon');
INSERT INTO geographies (id, label, geography_type, geo_id) VALUES ('Martinique (EEZ)', 'Martinique (EEZ)', 'eez', 'martinique');
INSERT INTO geographies (id, label, geography_type, geo_id) VALUES ('French Guiana (EEZ)', 'French Guiana (EEZ)', 'eez', 'french_guiana');
INSERT INTO geographies (id, label, geography_type, geo_id) VALUES ('France (EEZ)', 'France (EEZ)', 'eez', 'france');
INSERT INTO geographies (id, label, geography_type, geo_id) VALUES ('Amsterdam and Saint Paul Islands (EEZ)', 'Amsterdam and Saint Paul Islands (EEZ)', 'eez', 'amsterdam_and_saint_paul_islands');
INSERT INTO geographies (id, label, geography_type, geo_id) VALUES ('Falkland / Malvinas Islands (EEZ)', 'Falkland / Malvinas Islands (EEZ)', 'eez', 'falkland_/_malvinas_islands');
INSERT INTO geographies (id, label, geography_type, geo_id) VALUES ('Pitcairn (EEZ)', 'Pitcairn (EEZ)', 'eez', 'pitcairn');
INSERT INTO geographies (id, label, geography_type, geo_id) VALUES ('Anguilla (EEZ)', 'Anguilla (EEZ)', 'eez', 'anguilla');
INSERT INTO geographies (id, label, geography_type, geo_id) VALUES ('British Virgin Islands (EEZ)', 'British Virgin Islands (EEZ)', 'eez', 'british_virgin_islands');
INSERT INTO geographies (id, label, geography_type, geo_id) VALUES ('Cayman Islands (EEZ)', 'Cayman Islands (EEZ)', 'eez', 'cayman_islands');
INSERT INTO geographies (id, label, geography_type, geo_id) VALUES ('Montserrat (EEZ)', 'Montserrat (EEZ)', 'eez', 'montserrat');
INSERT INTO geographies (id, label, geography_type, geo_id) VALUES ('Turks and Caicos Islands (EEZ)', 'Turks and Caicos Islands (EEZ)', 'eez', 'turks_and_caicos_islands');
INSERT INTO geographies (id, label, geography_type, geo_id) VALUES ('South Georgia and the South Sandwich Islands (EEZ)', 'South Georgia and the South Sandwich Islands (EEZ)', 'eez', 'south_georgia_and_the_south_sandwich_islands');
INSERT INTO geographies (id, label, geography_type, geo_id) VALUES ('Bermuda (EEZ)', 'Bermuda (EEZ)', 'eez', 'bermuda');
INSERT INTO geographies (id, label, geography_type, geo_id) VALUES ('United Kingdom (EEZ)', 'United Kingdom (EEZ)', 'eez', 'united_kingdom');
INSERT INTO geographies (id, label, geography_type, geo_id) VALUES ('St Helene, Ascension and Tristan da Cunha (EEZ)', 'St Helene, Ascension and Tristan da Cunha (EEZ)', 'eez', 'st_helene,_ascension_and_tristan_da_cunha');
INSERT INTO geographies (id, label, geography_type, geo_id) VALUES ('American Samoa (EEZ)', 'American Samoa (EEZ)', 'eez', 'american_samoa');
INSERT INTO geographies (id, label, geography_type, geo_id) VALUES ('United States Virgin Islands (EEZ)', 'United States Virgin Islands (EEZ)', 'eez', 'united_states_virgin_islands');
INSERT INTO geographies (id, label, geography_type, geo_id) VALUES ('Guam (EEZ)', 'Guam (EEZ)', 'eez', 'guam');
INSERT INTO geographies (id, label, geography_type, geo_id) VALUES ('Northern Mariana Islands (EEZ)', 'Northern Mariana Islands (EEZ)', 'eez', 'northern_mariana_islands');
INSERT INTO geographies (id, label, geography_type, geo_id) VALUES ('Hawaii (EEZ)', 'Hawaii (EEZ)', 'eez', 'hawaii');
INSERT INTO geographies (id, label, geography_type, geo_id) VALUES ('Alaska (EEZ)', 'Alaska (EEZ)', 'eez', 'alaska');
INSERT INTO geographies (id, label, geography_type, geo_id) VALUES ('United States (EEZ)', 'United States (EEZ)', 'eez', 'united_states');
INSERT INTO geographies (id, label, geography_type, geo_id) VALUES ('Palmyra Atoll (EEZ)', 'Palmyra Atoll (EEZ)', 'eez', 'palmyra_atoll');
INSERT INTO geographies (id, label, geography_type, geo_id) VALUES ('Puerto Rico (EEZ)', 'Puerto Rico (EEZ)', 'eez', 'puerto_rico');
INSERT INTO geographies (id, label, geography_type, geo_id) VALUES ('Netherland (EEZ)', 'Netherland (EEZ)', 'eez', 'netherland');
INSERT INTO geographies (id, label, geography_type, geo_id) VALUES ('Caribbean Netherlands (EEZ)', 'Caribbean Netherlands (EEZ)', 'eez', 'caribbean_netherlands');
INSERT INTO geographies (id, label, geography_type, geo_id) VALUES ('Cook Islands (EEZ)', 'Cook Islands (EEZ)', 'eez', 'cook_islands');
INSERT INTO geographies (id, label, geography_type, geo_id) VALUES ('New Zealand (EEZ)', 'New Zealand (EEZ)', 'eez', 'new_zealand');
INSERT INTO geographies (id, label, geography_type, geo_id) VALUES ('Chile (EEZ)', 'Chile (EEZ)', 'eez', 'chile');
INSERT INTO geographies (id, label, geography_type, geo_id) VALUES ('Easter Islands (EEZ)', 'Easter Islands (EEZ)', 'eez', 'easter_islands');
INSERT INTO geographies (id, label, geography_type, geo_id) VALUES ('San Felix and San Ambrosia islands (EEZ)', 'San Felix and San Ambrosia islands (EEZ)', 'eez', 'san_felix_and_san_ambrosia_islands');
INSERT INTO geographies (id, label, geography_type, geo_id) VALUES ('Australia (EEZ)', 'Australia (EEZ)', 'eez', 'australia');
INSERT INTO geographies (id, label, geography_type, geo_id) VALUES ('Macquire Island (EEZ)', 'Macquire Island (EEZ)', 'eez', 'macquire_island');
INSERT INTO geographies (id, label, geography_type, geo_id) VALUES ('Norfolk Island (EEZ)', 'Norfolk Island (EEZ)', 'eez', 'norfolk_island');
INSERT INTO geographies (id, label, geography_type, geo_id) VALUES ('Heard and McDonald Islands (EEZ)', 'Heard and McDonald Islands (EEZ)', 'eez', 'heard_and_mcdonald_islands');
INSERT INTO geographies (id, label, geography_type, geo_id) VALUES ('Cocos Islands (EEZ)', 'Cocos Islands (EEZ)', 'eez', 'cocos_islands');
INSERT INTO geographies (id, label, geography_type, geo_id) VALUES ('Christmas Islands (EEZ)', 'Christmas Islands (EEZ)', 'eez', 'christmas_islands');
INSERT INTO geographies (id, label, geography_type, geo_id) VALUES ('Denmark (EEZ)', 'Denmark (EEZ)', 'eez', 'denmark');
INSERT INTO geographies (id, label, geography_type, geo_id) VALUES ('Greenland (EEZ)', 'Greenland (EEZ)', 'eez', 'greenland');

-- Cities → cities (144 entries)
INSERT INTO geographies (id, label, geography_type, geo_id) VALUES ('Accra', 'Accra', 'cities', 'accra');
INSERT INTO geographies (id, label, geography_type, geo_id) VALUES ('Addis Abeba', 'Addis Abeba', 'cities', 'addis_abeba');
INSERT INTO geographies (id, label, geography_type, geo_id) VALUES ('Alicante', 'Alicante', 'cities', 'alicante');
INSERT INTO geographies (id, label, geography_type, geo_id) VALUES ('Amman', 'Amman', 'cities', 'amman');
INSERT INTO geographies (id, label, geography_type, geo_id) VALUES ('Amsterdam', 'Amsterdam', 'cities', 'amsterdam');
INSERT INTO geographies (id, label, geography_type, geo_id) VALUES ('Antwerp', 'Antwerp', 'cities', 'antwerp');
INSERT INTO geographies (id, label, geography_type, geo_id) VALUES ('Athens', 'Athens', 'cities', 'athens');
INSERT INTO geographies (id, label, geography_type, geo_id) VALUES ('Auckland', 'Auckland', 'cities', 'auckland');
INSERT INTO geographies (id, label, geography_type, geo_id) VALUES ('Barcelona', 'Barcelona', 'cities', 'barcelona');
INSERT INTO geographies (id, label, geography_type, geo_id) VALUES ('Bari', 'Bari', 'cities', 'bari');
INSERT INTO geographies (id, label, geography_type, geo_id) VALUES ('Basel', 'Basel', 'cities', 'basel');
INSERT INTO geographies (id, label, geography_type, geo_id) VALUES ('Belgrade', 'Belgrade', 'cities', 'belgrado');
INSERT INTO geographies (id, label, geography_type, geo_id) VALUES ('Berlin', 'Berlin', 'cities', 'berlin');
INSERT INTO geographies (id, label, geography_type, geo_id) VALUES ('Bilbao', 'Bilbao', 'cities', 'bilbao');
INSERT INTO geographies (id, label, geography_type, geo_id) VALUES ('Birmingham', 'Birmingham', 'cities', 'birmingham');
INSERT INTO geographies (id, label, geography_type, geo_id) VALUES ('Bodø', 'Bodø', 'cities', 'bodo');
INSERT INTO geographies (id, label, geography_type, geo_id) VALUES ('Bogota', 'Bogota', 'cities', 'bogota');
INSERT INTO geographies (id, label, geography_type, geo_id) VALUES ('Bologna', 'Bologna', 'cities', 'bologna');
INSERT INTO geographies (id, label, geography_type, geo_id) VALUES ('Bordeaux', 'Bordeaux', 'cities', 'bordeaux');
INSERT INTO geographies (id, label, geography_type, geo_id) VALUES ('Brasov', 'Brasov', 'cities', 'brasov');
INSERT INTO geographies (id, label, geography_type, geo_id) VALUES ('Bratislava', 'Bratislava', 'cities', 'bratislava');
INSERT INTO geographies (id, label, geography_type, geo_id) VALUES ('Brussels', 'Brussels', 'cities', 'brussels');
INSERT INTO geographies (id, label, geography_type, geo_id) VALUES ('Bucharest', 'Bucharest', 'cities', 'bucharest');
INSERT INTO geographies (id, label, geography_type, geo_id) VALUES ('Budapest', 'Budapest', 'cities', 'budapest');
INSERT INTO geographies (id, label, geography_type, geo_id) VALUES ('Buenos Aires', 'Buenos Aires', 'cities', 'buenos_aires');
INSERT INTO geographies (id, label, geography_type, geo_id) VALUES ('Cairo', 'Cairo', 'cities', 'cairo');
INSERT INTO geographies (id, label, geography_type, geo_id) VALUES ('Cape Town', 'Cape Town', 'cities', 'cape_town');
INSERT INTO geographies (id, label, geography_type, geo_id) VALUES ('Charleroi', 'Charleroi', 'cities', 'charleroi');
INSERT INTO geographies (id, label, geography_type, geo_id) VALUES ('Chennai', 'Chennai', 'cities', 'chennai');
INSERT INTO geographies (id, label, geography_type, geo_id) VALUES ('Cluj Napoca', 'Cluj Napoca', 'cities', 'cluj_napoca');
INSERT INTO geographies (id, label, geography_type, geo_id) VALUES ('Cologne', 'Cologne', 'cities', 'cologne');
INSERT INTO geographies (id, label, geography_type, geo_id) VALUES ('Copenhagen', 'Copenhagen', 'cities', 'copenhagen');
INSERT INTO geographies (id, label, geography_type, geo_id) VALUES ('Curitiba', 'Curitiba', 'cities', 'curitiba');
INSERT INTO geographies (id, label, geography_type, geo_id) VALUES ('Dakar', 'Dakar', 'cities', 'dakar');
INSERT INTO geographies (id, label, geography_type, geo_id) VALUES ('Debrecen', 'Debrecen', 'cities', 'debrecen');
INSERT INTO geographies (id, label, geography_type, geo_id) VALUES ('Dhaka', 'Dhaka', 'cities', 'dhaka');
INSERT INTO geographies (id, label, geography_type, geo_id) VALUES ('Dubai', 'Dubai', 'cities', 'dubai');
INSERT INTO geographies (id, label, geography_type, geo_id) VALUES ('Dublin', 'Dublin', 'cities', 'dublin');
INSERT INTO geographies (id, label, geography_type, geo_id) VALUES ('Dusseldorf', 'Dusseldorf', 'cities', 'dusseldorf');
INSERT INTO geographies (id, label, geography_type, geo_id) VALUES ('Edinburgh', 'Edinburgh', 'cities', 'edinburgh');
INSERT INTO geographies (id, label, geography_type, geo_id) VALUES ('Frankfurt am Main', 'Frankfurt am Main', 'cities', 'frankfurt_am_main');
INSERT INTO geographies (id, label, geography_type, geo_id) VALUES ('Gdansk', 'Gdansk', 'cities', 'gdansk');
INSERT INTO geographies (id, label, geography_type, geo_id) VALUES ('Geneva', 'Geneva', 'cities', 'geneva');
INSERT INTO geographies (id, label, geography_type, geo_id) VALUES ('Genoa', 'Genoa', 'cities', 'genoa');
INSERT INTO geographies (id, label, geography_type, geo_id) VALUES ('Ghent', 'Ghent', 'cities', 'ghent');
INSERT INTO geographies (id, label, geography_type, geo_id) VALUES ('Glasgow', 'Glasgow', 'cities', 'glasgow');
INSERT INTO geographies (id, label, geography_type, geo_id) VALUES ('Goteborg', 'Goteborg', 'cities', 'goteborg');
INSERT INTO geographies (id, label, geography_type, geo_id) VALUES ('Graz', 'Graz', 'cities', 'graz');
INSERT INTO geographies (id, label, geography_type, geo_id) VALUES ('Gyor', 'Gyor', 'cities', 'gyor');
INSERT INTO geographies (id, label, geography_type, geo_id) VALUES ('Hamburg', 'Hamburg', 'cities', 'hamburg');
INSERT INTO geographies (id, label, geography_type, geo_id) VALUES ('Helsinki', 'Helsinki', 'cities', 'helsinki');
INSERT INTO geographies (id, label, geography_type, geo_id) VALUES ('Ho Chi Minh', 'Ho Chi Minh', 'cities', 'ho_chi_minh');
INSERT INTO geographies (id, label, geography_type, geo_id) VALUES ('Hong Kong (City)', 'Hong Kong', 'cities', 'hong_kong');
INSERT INTO geographies (id, label, geography_type, geo_id) VALUES ('Houston', 'Houston', 'cities', 'houston');
INSERT INTO geographies (id, label, geography_type, geo_id) VALUES ('Istanbul', 'Istanbul', 'cities', 'istanbul');
INSERT INTO geographies (id, label, geography_type, geo_id) VALUES ('Islamabad', 'Islamabad', 'cities', 'islamabad');
INSERT INTO geographies (id, label, geography_type, geo_id) VALUES ('Jakarta', 'Jakarta', 'cities', 'jakarta');
INSERT INTO geographies (id, label, geography_type, geo_id) VALUES ('Karachi', 'Karachi', 'cities', 'karachi');
INSERT INTO geographies (id, label, geography_type, geo_id) VALUES ('Klaipeda', 'Klaipeda', 'cities', 'klaipeda');
INSERT INTO geographies (id, label, geography_type, geo_id) VALUES ('Kosice', 'Kosice', 'cities', 'kosice');
INSERT INTO geographies (id, label, geography_type, geo_id) VALUES ('Krakow', 'Krakow', 'cities', 'krakow');
INSERT INTO geographies (id, label, geography_type, geo_id) VALUES ('Lagos', 'Lagos', 'cities', 'lagos');
INSERT INTO geographies (id, label, geography_type, geo_id) VALUES ('Leeds', 'Leeds', 'cities', 'leeds');
INSERT INTO geographies (id, label, geography_type, geo_id) VALUES ('Leipzig', 'Leipzig', 'cities', 'leipzig');
INSERT INTO geographies (id, label, geography_type, geo_id) VALUES ('Liege', 'Liege', 'cities', 'liege');
INSERT INTO geographies (id, label, geography_type, geo_id) VALUES ('Lille', 'Lille', 'cities', 'lille');
INSERT INTO geographies (id, label, geography_type, geo_id) VALUES ('Lima', 'Lima', 'cities', 'lima');
INSERT INTO geographies (id, label, geography_type, geo_id) VALUES ('Lisbon', 'Lisbon', 'cities', 'lisbon');
INSERT INTO geographies (id, label, geography_type, geo_id) VALUES ('Ljubljana', 'Ljubljana', 'cities', 'ljubljana');
INSERT INTO geographies (id, label, geography_type, geo_id) VALUES ('Lodz', 'Lodz', 'cities', 'lodz');
INSERT INTO geographies (id, label, geography_type, geo_id) VALUES ('London', 'London', 'cities', 'london');
INSERT INTO geographies (id, label, geography_type, geo_id) VALUES ('Los Angeles', 'Los Angeles', 'cities', 'los_angeles');
INSERT INTO geographies (id, label, geography_type, geo_id) VALUES ('Luxembourg (City)', 'Luxembourg', 'cities', 'luxembourg');
INSERT INTO geographies (id, label, geography_type, geo_id) VALUES ('Lyon', 'Lyon', 'cities', 'lyon');
INSERT INTO geographies (id, label, geography_type, geo_id) VALUES ('Madrid', 'Madrid', 'cities', 'madrid');
INSERT INTO geographies (id, label, geography_type, geo_id) VALUES ('Malaga', 'Malaga', 'cities', 'malaga');
INSERT INTO geographies (id, label, geography_type, geo_id) VALUES ('Marrakesh', 'Marrakesh', 'cities', 'marrakesh');
INSERT INTO geographies (id, label, geography_type, geo_id) VALUES ('Marseille', 'Marseille', 'cities', 'marseille');
INSERT INTO geographies (id, label, geography_type, geo_id) VALUES ('Medina', 'Medina', 'cities', 'medina');
INSERT INTO geographies (id, label, geography_type, geo_id) VALUES ('Melbourne', 'Melbourne', 'cities', 'melbourne');
INSERT INTO geographies (id, label, geography_type, geo_id) VALUES ('Mexico City', 'Mexico City', 'cities', 'mexico_city');
INSERT INTO geographies (id, label, geography_type, geo_id) VALUES ('Milan', 'Milan', 'cities', 'milan');
INSERT INTO geographies (id, label, geography_type, geo_id) VALUES ('Miskolc', 'Miskolc', 'cities', 'miskolc');
INSERT INTO geographies (id, label, geography_type, geo_id) VALUES ('Mogadishu', 'Mogadishu', 'cities', 'mogadishu');
INSERT INTO geographies (id, label, geography_type, geo_id) VALUES ('Montpellier', 'Montpellier', 'cities', 'montpellier');
INSERT INTO geographies (id, label, geography_type, geo_id) VALUES ('Moscow', 'Moscow', 'cities', 'moscow');
INSERT INTO geographies (id, label, geography_type, geo_id) VALUES ('Munich', 'Munich', 'cities', 'munich');
INSERT INTO geographies (id, label, geography_type, geo_id) VALUES ('Murcia', 'Murcia', 'cities', 'murcia');
INSERT INTO geographies (id, label, geography_type, geo_id) VALUES ('Nairobi', 'Nairobi', 'cities', 'nairobi');
INSERT INTO geographies (id, label, geography_type, geo_id) VALUES ('Nanjing', 'Nanjing', 'cities', 'nanjing');
INSERT INTO geographies (id, label, geography_type, geo_id) VALUES ('Nantes', 'Nantes', 'cities', 'nantes');
INSERT INTO geographies (id, label, geography_type, geo_id) VALUES ('Naples', 'Naples', 'cities', 'naples');
INSERT INTO geographies (id, label, geography_type, geo_id) VALUES ('Nassau', 'Nassau', 'cities', 'nassau');
INSERT INTO geographies (id, label, geography_type, geo_id) VALUES ('New York', 'New York', 'cities', 'new_york');
INSERT INTO geographies (id, label, geography_type, geo_id) VALUES ('Newcastle', 'Newcastle', 'cities', 'newcastle');
INSERT INTO geographies (id, label, geography_type, geo_id) VALUES ('Nice', 'Nice', 'cities', 'nice');
INSERT INTO geographies (id, label, geography_type, geo_id) VALUES ('Novi Sad', 'Novi Sad', 'cities', 'novi_sad');
INSERT INTO geographies (id, label, geography_type, geo_id) VALUES ('Oslo', 'Oslo', 'cities', 'oslo');
INSERT INTO geographies (id, label, geography_type, geo_id) VALUES ('Padua', 'Padua', 'cities', 'padua');
INSERT INTO geographies (id, label, geography_type, geo_id) VALUES ('Palermo', 'Palermo', 'cities', 'palermo');
INSERT INTO geographies (id, label, geography_type, geo_id) VALUES ('Palma de Mallorca', 'Palma de Mallorca', 'cities', 'palma_de_mallorca');
INSERT INTO geographies (id, label, geography_type, geo_id) VALUES ('Paris', 'Paris', 'cities', 'paris');
INSERT INTO geographies (id, label, geography_type, geo_id) VALUES ('Pecs', 'Pecs', 'cities', 'pecs');
INSERT INTO geographies (id, label, geography_type, geo_id) VALUES ('Phoenix', 'Phoenix', 'cities', 'phoenix');
INSERT INTO geographies (id, label, geography_type, geo_id) VALUES ('Podgorica', 'Podgorica', 'cities', 'podgorica');
INSERT INTO geographies (id, label, geography_type, geo_id) VALUES ('Porto', 'Porto', 'cities', 'porto');
INSERT INTO geographies (id, label, geography_type, geo_id) VALUES ('Prague', 'Prague', 'cities', 'prague');
INSERT INTO geographies (id, label, geography_type, geo_id) VALUES ('Rabat', 'Rabat', 'cities', 'rabat');
INSERT INTO geographies (id, label, geography_type, geo_id) VALUES ('Reykjavik', 'Reykjavik', 'cities', 'reykjavik');
INSERT INTO geographies (id, label, geography_type, geo_id) VALUES ('Riga', 'Riga', 'cities', 'riga');
INSERT INTO geographies (id, label, geography_type, geo_id) VALUES ('Rome', 'Rome', 'cities', 'rome');
INSERT INTO geographies (id, label, geography_type, geo_id) VALUES ('Rotterdam', 'Rotterdam', 'cities', 'rotterdam');
INSERT INTO geographies (id, label, geography_type, geo_id) VALUES ('Salvador', 'Salvador', 'cities', 'salvador');
INSERT INTO geographies (id, label, geography_type, geo_id) VALUES ('Santiago', 'Santiago', 'cities', 'santiago');
INSERT INTO geographies (id, label, geography_type, geo_id) VALUES ('Sarajevo', 'Sarajevo', 'cities', 'sarajevo');
INSERT INTO geographies (id, label, geography_type, geo_id) VALUES ('Sevilla', 'Sevilla', 'cities', 'sevilla');
INSERT INTO geographies (id, label, geography_type, geo_id) VALUES ('Singapore (City)', 'Singapore', 'cities', 'singapore');
INSERT INTO geographies (id, label, geography_type, geo_id) VALUES ('Skopje', 'Skopje', 'cities', 'skopje');
INSERT INTO geographies (id, label, geography_type, geo_id) VALUES ('Sofia', 'Sofia', 'cities', 'sofia');
INSERT INTO geographies (id, label, geography_type, geo_id) VALUES ('Split', 'Split', 'cities', 'split');
INSERT INTO geographies (id, label, geography_type, geo_id) VALUES ('Stockholm', 'Stockholm', 'cities', 'stockholm');
INSERT INTO geographies (id, label, geography_type, geo_id) VALUES ('Strasbourg', 'Strasbourg', 'cities', 'strasbourg');
INSERT INTO geographies (id, label, geography_type, geo_id) VALUES ('Sydney', 'Sydney', 'cities', 'sydney');
INSERT INTO geographies (id, label, geography_type, geo_id) VALUES ('Szeged', 'Szeged', 'cities', 'szeged');
INSERT INTO geographies (id, label, geography_type, geo_id) VALUES ('Tallinn', 'Tallinn', 'cities', 'tallinn');
INSERT INTO geographies (id, label, geography_type, geo_id) VALUES ('Tartu', 'Tartu', 'cities', 'tartu');
INSERT INTO geographies (id, label, geography_type, geo_id) VALUES ('Teheran', 'Teheran', 'cities', 'teheran');
INSERT INTO geographies (id, label, geography_type, geo_id) VALUES ('Thessaloniki', 'Thessaloniki', 'cities', 'thessaloniki');
INSERT INTO geographies (id, label, geography_type, geo_id) VALUES ('Tirana', 'Tirana', 'cities', 'tirana');
INSERT INTO geographies (id, label, geography_type, geo_id) VALUES ('Tokyo', 'Tokyo', 'cities', 'tokyo');
INSERT INTO geographies (id, label, geography_type, geo_id) VALUES ('Toronto', 'Toronto', 'cities', 'toronto');
INSERT INTO geographies (id, label, geography_type, geo_id) VALUES ('Toulouse', 'Toulouse', 'cities', 'toulouse');
INSERT INTO geographies (id, label, geography_type, geo_id) VALUES ('Trieste', 'Trieste', 'cities', 'trieste');
INSERT INTO geographies (id, label, geography_type, geo_id) VALUES ('Tschwane', 'Tschwane', 'cities', 'tschwane');
INSERT INTO geographies (id, label, geography_type, geo_id) VALUES ('Turin', 'Turin', 'cities', 'turin');
INSERT INTO geographies (id, label, geography_type, geo_id) VALUES ('Utrecht', 'Utrecht', 'cities', 'utrecht');
INSERT INTO geographies (id, label, geography_type, geo_id) VALUES ('Valencia', 'Valencia', 'cities', 'valencia');
INSERT INTO geographies (id, label, geography_type, geo_id) VALUES ('Varna', 'Varna', 'cities', 'varna');
INSERT INTO geographies (id, label, geography_type, geo_id) VALUES ('Vienna', 'Vienna', 'cities', 'vienna');
INSERT INTO geographies (id, label, geography_type, geo_id) VALUES ('Vilnius', 'Vilnius', 'cities', 'vilnius');
INSERT INTO geographies (id, label, geography_type, geo_id) VALUES ('Warsaw', 'Warsaw', 'cities', 'warsaw');
INSERT INTO geographies (id, label, geography_type, geo_id) VALUES ('Wroclaw', 'Wroclaw', 'cities', 'wroclaw');
INSERT INTO geographies (id, label, geography_type, geo_id) VALUES ('Zagreb', 'Zagreb', 'cities', 'zagreb');
INSERT INTO geographies (id, label, geography_type, geo_id) VALUES ('Zurich', 'Zurich', 'cities', 'zurich');

-- River Basins (RB) → river_basins (75 entries)
INSERT INTO geographies (id, label, geography_type, geo_id) VALUES ('Indigirka (RB)', 'Indigirka (RB)', 'river_basins', 'indigirka');
INSERT INTO geographies (id, label, geography_type, geo_id) VALUES ('Ob (RB)', 'Ob (RB)', 'river_basins', 'ob');
INSERT INTO geographies (id, label, geography_type, geo_id) VALUES ('Brahmaputra (RB)', 'Brahmaputra (RB)', 'river_basins', 'brahmaputra');
INSERT INTO geographies (id, label, geography_type, geo_id) VALUES ('Ganges (RB)', 'Ganges (RB)', 'river_basins', 'ganges');
INSERT INTO geographies (id, label, geography_type, geo_id) VALUES ('Indus (RB)', 'Indus (RB)', 'river_basins', 'indus');
INSERT INTO geographies (id, label, geography_type, geo_id) VALUES ('Irrawaddy (RB)', 'Irrawaddy (RB)', 'river_basins', 'irrawaddy');
INSERT INTO geographies (id, label, geography_type, geo_id) VALUES ('Salween (RB)', 'Salween (RB)', 'river_basins', 'salween');
INSERT INTO geographies (id, label, geography_type, geo_id) VALUES ('Kamchatka (RB)', 'Kamchatka (RB)', 'river_basins', 'kamchatka');
INSERT INTO geographies (id, label, geography_type, geo_id) VALUES ('Mekong (RB)', 'Mekong (RB)', 'river_basins', 'mekong');
INSERT INTO geographies (id, label, geography_type, geo_id) VALUES ('Yangtze (RB)', 'Yangtze (RB)', 'river_basins', 'yangtze');
INSERT INTO geographies (id, label, geography_type, geo_id) VALUES ('Yellow River (RB)', 'Yellow River (RB)', 'river_basins', 'yellow_river');
INSERT INTO geographies (id, label, geography_type, geo_id) VALUES ('Aral Sea (RB)', 'Aral Sea (RB)', 'river_basins', 'aral_sea');
INSERT INTO geographies (id, label, geography_type, geo_id) VALUES ('Chuy (RB)', 'Chuy (RB)', 'river_basins', 'chuy');
INSERT INTO geographies (id, label, geography_type, geo_id) VALUES ('Har Us Nuur (RB)', 'Har Us Nuur (RB)', 'river_basins', 'har_us_nuur');
INSERT INTO geographies (id, label, geography_type, geo_id) VALUES ('Lake Balkhash (RB)', 'Lake Balkhash (RB)', 'river_basins', 'lake_balkhash');
INSERT INTO geographies (id, label, geography_type, geo_id) VALUES ('Talas (RB)', 'Talas (RB)', 'river_basins', 'talas');
INSERT INTO geographies (id, label, geography_type, geo_id) VALUES ('Tarim He (RB)', 'Tarim He (RB)', 'river_basins', 'tarim_he');
INSERT INTO geographies (id, label, geography_type, geo_id) VALUES ('Uvs Nuur (RB)', 'Uvs Nuur (RB)', 'river_basins', 'uvs_nuur');
INSERT INTO geographies (id, label, geography_type, geo_id) VALUES ('Ysyk Kol (RB)', 'Ysyk Kol (RB)', 'river_basins', 'ysyk-kol');
INSERT INTO geographies (id, label, geography_type, geo_id) VALUES ('Amazon (RB)', 'Amazon (RB)', 'river_basins', 'amazon');
INSERT INTO geographies (id, label, geography_type, geo_id) VALUES ('Chico (RB)', 'Chico (RB)', 'river_basins', 'chico');
INSERT INTO geographies (id, label, geography_type, geo_id) VALUES ('Colorado (RB)', 'Colorado (RB)', 'river_basins', 'colorado');
INSERT INTO geographies (id, label, geography_type, geo_id) VALUES ('Magdalena (RB)', 'Magdalena (RB)', 'river_basins', 'magdalena');
INSERT INTO geographies (id, label, geography_type, geo_id) VALUES ('Negro (RB)', 'Negro (RB)', 'river_basins', 'negro');
INSERT INTO geographies (id, label, geography_type, geo_id) VALUES ('Santa Cruz (RB)', 'Santa Cruz (RB)', 'river_basins', 'santa_cruz');
INSERT INTO geographies (id, label, geography_type, geo_id) VALUES ('Aisen (RB)', 'Aisen (RB)', 'river_basins', 'aisen');
INSERT INTO geographies (id, label, geography_type, geo_id) VALUES ('Azopardo (RB)', 'Azopardo (RB)', 'river_basins', 'azopardo');
INSERT INTO geographies (id, label, geography_type, geo_id) VALUES ('Baker (RB)', 'Baker (RB)', 'river_basins', 'baker');
INSERT INTO geographies (id, label, geography_type, geo_id) VALUES ('Biobio (RB)', 'Biobio (RB)', 'river_basins', 'biobio');
INSERT INTO geographies (id, label, geography_type, geo_id) VALUES ('Cisnes (RB)', 'Cisnes (RB)', 'river_basins', 'cisnes');
INSERT INTO geographies (id, label, geography_type, geo_id) VALUES ('Copiapo (RB)', 'Copiapo (RB)', 'river_basins', 'copiapo');
INSERT INTO geographies (id, label, geography_type, geo_id) VALUES ('Huasco (RB)', 'Huasco (RB)', 'river_basins', 'huasco');
INSERT INTO geographies (id, label, geography_type, geo_id) VALUES ('Majes (RB)', 'Majes (RB)', 'river_basins', 'majes');
INSERT INTO geographies (id, label, geography_type, geo_id) VALUES ('Ocona (RB)', 'Ocona (RB)', 'river_basins', 'ocona');
INSERT INTO geographies (id, label, geography_type, geo_id) VALUES ('Palena (RB)', 'Palena (RB)', 'river_basins', 'palena');
INSERT INTO geographies (id, label, geography_type, geo_id) VALUES ('Pascua (RB)', 'Pascua (RB)', 'river_basins', 'pascua');
INSERT INTO geographies (id, label, geography_type, geo_id) VALUES ('Puelo (RB)', 'Puelo (RB)', 'river_basins', 'puelo');
INSERT INTO geographies (id, label, geography_type, geo_id) VALUES ('Rapel (RB)', 'Rapel (RB)', 'river_basins', 'rapel');
INSERT INTO geographies (id, label, geography_type, geo_id) VALUES ('Santa (RB)', 'Santa (RB)', 'river_basins', 'santa');
INSERT INTO geographies (id, label, geography_type, geo_id) VALUES ('Serrano (RB)', 'Serrano (RB)', 'river_basins', 'serrano');
INSERT INTO geographies (id, label, geography_type, geo_id) VALUES ('Valdivia (RB)', 'Valdivia (RB)', 'river_basins', 'valdivia');
INSERT INTO geographies (id, label, geography_type, geo_id) VALUES ('Yelcho (RB)', 'Yelcho (RB)', 'river_basins', 'yelcho');
INSERT INTO geographies (id, label, geography_type, geo_id) VALUES ('Titicaca (RB)', 'Titicaca (RB)', 'river_basins', 'titicaca');
INSERT INTO geographies (id, label, geography_type, geo_id) VALUES ('Colville (RB)', 'Colville (RB)', 'river_basins', 'colville');
INSERT INTO geographies (id, label, geography_type, geo_id) VALUES ('Mackenzie (RB)', 'Mackenzie (RB)', 'river_basins', 'mackenzie');
INSERT INTO geographies (id, label, geography_type, geo_id) VALUES ('Nelson (RB)', 'Nelson (RB)', 'river_basins', 'nelson');
INSERT INTO geographies (id, label, geography_type, geo_id) VALUES ('Alsek (RB)', 'Alsek (RB)', 'river_basins', 'alsek');
INSERT INTO geographies (id, label, geography_type, geo_id) VALUES ('Columbia (RB)', 'Columbia (RB)', 'river_basins', 'columbia');
INSERT INTO geographies (id, label, geography_type, geo_id) VALUES ('Copper (RB)', 'Copper (RB)', 'river_basins', 'copper');
INSERT INTO geographies (id, label, geography_type, geo_id) VALUES ('Fraser (RB)', 'Fraser (RB)', 'river_basins', 'fraser');
INSERT INTO geographies (id, label, geography_type, geo_id) VALUES ('Kuskokwim (RB)', 'Kuskokwim (RB)', 'river_basins', 'kuskokwim');
INSERT INTO geographies (id, label, geography_type, geo_id) VALUES ('Nass (RB)', 'Nass (RB)', 'river_basins', 'nass');
INSERT INTO geographies (id, label, geography_type, geo_id) VALUES ('Nushagak (RB)', 'Nushagak (RB)', 'river_basins', 'nushagak');
INSERT INTO geographies (id, label, geography_type, geo_id) VALUES ('Skagit (RB)', 'Skagit (RB)', 'river_basins', 'skagit');
INSERT INTO geographies (id, label, geography_type, geo_id) VALUES ('Skeena (RB)', 'Skeena (RB)', 'river_basins', 'skeena');
INSERT INTO geographies (id, label, geography_type, geo_id) VALUES ('Stikine (RB)', 'Stikine (RB)', 'river_basins', 'stikine');
INSERT INTO geographies (id, label, geography_type, geo_id) VALUES ('Susitna (RB)', 'Susitna (RB)', 'river_basins', 'susitna');
INSERT INTO geographies (id, label, geography_type, geo_id) VALUES ('Taku (RB)', 'Taku (RB)', 'river_basins', 'taku');
INSERT INTO geographies (id, label, geography_type, geo_id) VALUES ('Yukon (RB)', 'Yukon (RB)', 'river_basins', 'yukon');
INSERT INTO geographies (id, label, geography_type, geo_id) VALUES ('Clutha (RB)', 'Clutha (RB)', 'river_basins', 'clutha');
INSERT INTO geographies (id, label, geography_type, geo_id) VALUES ('Jokulsa a Fjollum (RB)', 'Jokulsa a Fjollum (RB)', 'river_basins', 'jokulsa_a_fjollum');
INSERT INTO geographies (id, label, geography_type, geo_id) VALUES ('Lagarfljot (RB)', 'Lagarfljot (RB)', 'river_basins', 'lagarfljot');
INSERT INTO geographies (id, label, geography_type, geo_id) VALUES ('Svarta (RB)', 'Svarta (RB)', 'river_basins', 'svarta');
INSERT INTO geographies (id, label, geography_type, geo_id) VALUES ('Danube (RB)', 'Danube (RB)', 'river_basins', 'danube');
INSERT INTO geographies (id, label, geography_type, geo_id) VALUES ('Dramselva (RB)', 'Dramselva (RB)', 'river_basins', 'dramselva');
INSERT INTO geographies (id, label, geography_type, geo_id) VALUES ('Glomaa (RB)', 'Glomaa (RB)', 'river_basins', 'glomaa');
INSERT INTO geographies (id, label, geography_type, geo_id) VALUES ('Kalixalven (RB)', 'Kalixalven (RB)', 'river_basins', 'kalixalven');
INSERT INTO geographies (id, label, geography_type, geo_id) VALUES ('Kuban (RB)', 'Kuban (RB)', 'river_basins', 'kuban');
INSERT INTO geographies (id, label, geography_type, geo_id) VALUES ('Lulealven (RB)', 'Lulealven (RB)', 'river_basins', 'lulealven');
INSERT INTO geographies (id, label, geography_type, geo_id) VALUES ('Olfusa (RB)', 'Olfusa (RB)', 'river_basins', 'olfusa');
INSERT INTO geographies (id, label, geography_type, geo_id) VALUES ('Po (RB)', 'Po (RB)', 'river_basins', 'po');
INSERT INTO geographies (id, label, geography_type, geo_id) VALUES ('Rhine (RB)', 'Rhine (RB)', 'river_basins', 'rhine');
INSERT INTO geographies (id, label, geography_type, geo_id) VALUES ('Rhone (RB)', 'Rhone (RB)', 'river_basins', 'rhone');
INSERT INTO geographies (id, label, geography_type, geo_id) VALUES ('Thjorsa (RB)', 'Thjorsa (RB)', 'river_basins', 'thjorsa');
INSERT INTO geographies (id, label, geography_type, geo_id) VALUES ('Tornealven (RB)', 'Tornealven (RB)', 'river_basins', 'tornealven');

-- Glacier Regions (GR) → glacier_regions (13 entries)
INSERT INTO geographies (id, label, geography_type, geo_id) VALUES ('Arctic Canada (GR)', 'Arctic Canada (GR)', 'glacier_regions', 'arctic_canada');
INSERT INTO geographies (id, label, geography_type, geo_id) VALUES ('Caucasus and Middle East (GR)', 'Caucasus and Middle East (GR)', 'glacier_regions', 'caucasus_and_middle_east');
INSERT INTO geographies (id, label, geography_type, geo_id) VALUES ('Central Asia (GR)', 'Central Asia (GR)', 'glacier_regions', 'central_asia');
INSERT INTO geographies (id, label, geography_type, geo_id) VALUES ('Central Europe (GR)', 'Central Europe (GR)', 'glacier_regions', 'central_europe');
INSERT INTO geographies (id, label, geography_type, geo_id) VALUES ('East Asia (GR)', 'East Asia (GR)', 'glacier_regions', 'east_asia');
INSERT INTO geographies (id, label, geography_type, geo_id) VALUES ('Greenland Periphery (GR)', 'Greenland Periphery (GR)', 'glacier_regions', 'greenland_periphery');
INSERT INTO geographies (id, label, geography_type, geo_id) VALUES ('New Zealand (GR)', 'New Zealand (GR)', 'glacier_regions', 'new_zealand');
INSERT INTO geographies (id, label, geography_type, geo_id) VALUES ('Northern Andes (GR)', 'Northern Andes (GR)', 'glacier_regions', 'northern_andes');
INSERT INTO geographies (id, label, geography_type, geo_id) VALUES ('Scandinavia and Iceland (GR)', 'Scandinavia and Iceland (GR)', 'glacier_regions', 'scandinavia_and_iceland');
INSERT INTO geographies (id, label, geography_type, geo_id) VALUES ('Southern Andes (GR)', 'Southern Andes (GR)', 'glacier_regions', 'southern_andes');
INSERT INTO geographies (id, label, geography_type, geo_id) VALUES ('Subantarctic and Antarctic Islands (GR)', 'Subantarctic and Antarctic Islands (GR)', 'glacier_regions', 'subantarctic_and_antarctic_islands');
INSERT INTO geographies (id, label, geography_type, geo_id) VALUES ('Svalbard, Jan Mayen and Russian Arctic (GR)', 'Svalbard, Jan Mayen and Russian Arctic (GR)', 'glacier_regions', 'svalbard,_jan_mayen_and_russian_arctic');
INSERT INTO geographies (id, label, geography_type, geo_id) VALUES ('Western Canada and USA (GR)', 'Western Canada and USA (GR)', 'glacier_regions', 'western_canada_and_usa');

-- Macroeconomies (ME) → macroeconomies (14 entries)
INSERT INTO geographies (id, label, geography_type, geo_id) VALUES ('Central Africa (ME)', 'Central Africa (ME)', 'macroeconomies', 'central_africa');
INSERT INTO geographies (id, label, geography_type, geo_id) VALUES ('East Africa (ME)', 'East Africa (ME)', 'macroeconomies', 'east_africa');
INSERT INTO geographies (id, label, geography_type, geo_id) VALUES ('East Asia (ME)', 'East Asia (ME)', 'macroeconomies', 'east_asia');
INSERT INTO geographies (id, label, geography_type, geo_id) VALUES ('Europe (ME)', 'Europe (ME)', 'macroeconomies', 'europe');
INSERT INTO geographies (id, label, geography_type, geo_id) VALUES ('North Africa (ME)', 'North Africa (ME)', 'macroeconomies', 'north_africa');
INSERT INTO geographies (id, label, geography_type, geo_id) VALUES ('North America (ME)', 'North America (ME)', 'macroeconomies', 'north_america');
INSERT INTO geographies (id, label, geography_type, geo_id) VALUES ('Oceania (ME)', 'Oceania (ME)', 'macroeconomies', 'oceania');
INSERT INTO geographies (id, label, geography_type, geo_id) VALUES ('Former Soviet Union (ME)', 'Former Soviet Union (ME)', 'macroeconomies', 'former_soviet_union');
INSERT INTO geographies (id, label, geography_type, geo_id) VALUES ('South Africa (ME)', 'South Africa (ME)', 'macroeconomies', 'south_africa');
INSERT INTO geographies (id, label, geography_type, geo_id) VALUES ('South America (ME)', 'South America (ME)', 'macroeconomies', 'south_america');
INSERT INTO geographies (id, label, geography_type, geo_id) VALUES ('South Asia (ME)', 'South Asia (ME)', 'macroeconomies', 'south_asia');
INSERT INTO geographies (id, label, geography_type, geo_id) VALUES ('South East Asia (ME)', 'South East Asia (ME)', 'macroeconomies', 'south_east_asia');
INSERT INTO geographies (id, label, geography_type, geo_id) VALUES ('West Africa (ME)', 'West Africa (ME)', 'macroeconomies', 'west_africa');
INSERT INTO geographies (id, label, geography_type, geo_id) VALUES ('West Asia (ME)', 'West Asia (ME)', 'macroeconomies', 'west_asia');

-- Northern Latitudes → northern_latitudes (1 entries)
INSERT INTO geographies (id, label, geography_type, geo_id) VALUES ('Northern Latitudes', 'Northern Latitudes', 'northern_latitudes', 'northern_latitudes');

-- Hierarchy edges
INSERT INTO geography_parents (geography_id, parent_id) VALUES ('Afghanistan', 'continent:Asia');
INSERT INTO geography_parents (geography_id, parent_id) VALUES ('Albania', 'continent:Europe');
INSERT INTO geography_parents (geography_id, parent_id) VALUES ('Algeria', 'continent:Africa');
INSERT INTO geography_parents (geography_id, parent_id) VALUES ('American Samoa', 'continent:Oceania');
INSERT INTO geography_parents (geography_id, parent_id) VALUES ('Andorra', 'continent:Europe');
INSERT INTO geography_parents (geography_id, parent_id) VALUES ('Angola', 'continent:Africa');
INSERT INTO geography_parents (geography_id, parent_id) VALUES ('Anguilla', 'continent:North America');
INSERT INTO geography_parents (geography_id, parent_id) VALUES ('Antarctica', 'continent:Antarctica');
INSERT INTO geography_parents (geography_id, parent_id) VALUES ('Antigua and Barbuda', 'continent:North America');
INSERT INTO geography_parents (geography_id, parent_id) VALUES ('Argentina', 'continent:South America');
INSERT INTO geography_parents (geography_id, parent_id) VALUES ('Armenia', 'continent:Asia');
INSERT INTO geography_parents (geography_id, parent_id) VALUES ('Aruba', 'continent:North America');
INSERT INTO geography_parents (geography_id, parent_id) VALUES ('Australia', 'continent:Oceania');
INSERT INTO geography_parents (geography_id, parent_id) VALUES ('Austria', 'continent:Europe');
INSERT INTO geography_parents (geography_id, parent_id) VALUES ('Azerbaijan', 'continent:Asia');
INSERT INTO geography_parents (geography_id, parent_id) VALUES ('Bahamas', 'continent:North America');
INSERT INTO geography_parents (geography_id, parent_id) VALUES ('Bahrain', 'continent:Asia');
INSERT INTO geography_parents (geography_id, parent_id) VALUES ('Bangladesh', 'continent:Asia');
INSERT INTO geography_parents (geography_id, parent_id) VALUES ('Barbados', 'continent:North America');
INSERT INTO geography_parents (geography_id, parent_id) VALUES ('Belarus', 'continent:Europe');
INSERT INTO geography_parents (geography_id, parent_id) VALUES ('Belgium', 'continent:Europe');
INSERT INTO geography_parents (geography_id, parent_id) VALUES ('Belize', 'continent:North America');
INSERT INTO geography_parents (geography_id, parent_id) VALUES ('Benin', 'continent:Africa');
INSERT INTO geography_parents (geography_id, parent_id) VALUES ('Bermuda', 'continent:North America');
INSERT INTO geography_parents (geography_id, parent_id) VALUES ('Bhutan', 'continent:Asia');
INSERT INTO geography_parents (geography_id, parent_id) VALUES ('Bolivia', 'continent:South America');
INSERT INTO geography_parents (geography_id, parent_id) VALUES ('Bonaire', 'continent:North America');
INSERT INTO geography_parents (geography_id, parent_id) VALUES ('Bosnia and Herzegovina', 'continent:Europe');
INSERT INTO geography_parents (geography_id, parent_id) VALUES ('Botswana', 'continent:Africa');
INSERT INTO geography_parents (geography_id, parent_id) VALUES ('Bouvet Island', 'continent:Antarctica');
INSERT INTO geography_parents (geography_id, parent_id) VALUES ('Brazil', 'continent:South America');
INSERT INTO geography_parents (geography_id, parent_id) VALUES ('British Indian Ocean Territory', 'continent:Asia');
INSERT INTO geography_parents (geography_id, parent_id) VALUES ('British Virgin Islands', 'continent:North America');
INSERT INTO geography_parents (geography_id, parent_id) VALUES ('Brunei Darussalam', 'continent:Asia');
INSERT INTO geography_parents (geography_id, parent_id) VALUES ('Bulgaria', 'continent:Europe');
INSERT INTO geography_parents (geography_id, parent_id) VALUES ('Burkina Faso', 'continent:Africa');
INSERT INTO geography_parents (geography_id, parent_id) VALUES ('Burundi', 'continent:Africa');
INSERT INTO geography_parents (geography_id, parent_id) VALUES ('Cabo Verde', 'continent:Africa');
INSERT INTO geography_parents (geography_id, parent_id) VALUES ('Cambodia', 'continent:Asia');
INSERT INTO geography_parents (geography_id, parent_id) VALUES ('Cameroon', 'continent:Africa');
INSERT INTO geography_parents (geography_id, parent_id) VALUES ('Canada', 'continent:North America');
INSERT INTO geography_parents (geography_id, parent_id) VALUES ('Cayman Islands', 'continent:North America');
INSERT INTO geography_parents (geography_id, parent_id) VALUES ('Central African Republic', 'continent:Africa');
INSERT INTO geography_parents (geography_id, parent_id) VALUES ('Chad', 'continent:Africa');
INSERT INTO geography_parents (geography_id, parent_id) VALUES ('Chile', 'continent:South America');
INSERT INTO geography_parents (geography_id, parent_id) VALUES ('China', 'continent:Asia');
INSERT INTO geography_parents (geography_id, parent_id) VALUES ('Christmas Island', 'continent:Asia');
INSERT INTO geography_parents (geography_id, parent_id) VALUES ('Cocos (Keeling) Islands', 'continent:Asia');
INSERT INTO geography_parents (geography_id, parent_id) VALUES ('Colombia', 'continent:South America');
INSERT INTO geography_parents (geography_id, parent_id) VALUES ('Comoros', 'continent:Africa');
INSERT INTO geography_parents (geography_id, parent_id) VALUES ('Congo', 'continent:Africa');
INSERT INTO geography_parents (geography_id, parent_id) VALUES ('Cook Islands', 'continent:Oceania');
INSERT INTO geography_parents (geography_id, parent_id) VALUES ('Costa Rica', 'continent:North America');
INSERT INTO geography_parents (geography_id, parent_id) VALUES ('Croatia', 'continent:Europe');
INSERT INTO geography_parents (geography_id, parent_id) VALUES ('Cuba', 'continent:North America');
INSERT INTO geography_parents (geography_id, parent_id) VALUES ('Curaçao', 'continent:North America');
INSERT INTO geography_parents (geography_id, parent_id) VALUES ('Cyprus', 'continent:Europe');
INSERT INTO geography_parents (geography_id, parent_id) VALUES ('Czechia', 'continent:Europe');
INSERT INTO geography_parents (geography_id, parent_id) VALUES ('Côte d''Ivoire', 'continent:Africa');
INSERT INTO geography_parents (geography_id, parent_id) VALUES ('Democratic Republic of the Congo', 'continent:Africa');
INSERT INTO geography_parents (geography_id, parent_id) VALUES ('Denmark', 'continent:Europe');
INSERT INTO geography_parents (geography_id, parent_id) VALUES ('Djibouti', 'continent:Africa');
INSERT INTO geography_parents (geography_id, parent_id) VALUES ('Dominica', 'continent:North America');
INSERT INTO geography_parents (geography_id, parent_id) VALUES ('Dominican Republic', 'continent:North America');
INSERT INTO geography_parents (geography_id, parent_id) VALUES ('Ecuador', 'continent:South America');
INSERT INTO geography_parents (geography_id, parent_id) VALUES ('Egypt', 'continent:Africa');
INSERT INTO geography_parents (geography_id, parent_id) VALUES ('El Salvador', 'continent:North America');
INSERT INTO geography_parents (geography_id, parent_id) VALUES ('Equatorial Guinea', 'continent:Africa');
INSERT INTO geography_parents (geography_id, parent_id) VALUES ('Eritrea', 'continent:Africa');
INSERT INTO geography_parents (geography_id, parent_id) VALUES ('Estonia', 'continent:Europe');
INSERT INTO geography_parents (geography_id, parent_id) VALUES ('Eswatini', 'continent:Africa');
INSERT INTO geography_parents (geography_id, parent_id) VALUES ('Ethiopia', 'continent:Africa');
INSERT INTO geography_parents (geography_id, parent_id) VALUES ('Falkland Islands (Malvinas)', 'continent:South America');
INSERT INTO geography_parents (geography_id, parent_id) VALUES ('Faroe Islands', 'continent:Europe');
INSERT INTO geography_parents (geography_id, parent_id) VALUES ('Fiji', 'continent:Oceania');
INSERT INTO geography_parents (geography_id, parent_id) VALUES ('Finland', 'continent:Europe');
INSERT INTO geography_parents (geography_id, parent_id) VALUES ('France', 'continent:Europe');
INSERT INTO geography_parents (geography_id, parent_id) VALUES ('French Guiana', 'continent:South America');
INSERT INTO geography_parents (geography_id, parent_id) VALUES ('French Polynesia', 'continent:Oceania');
INSERT INTO geography_parents (geography_id, parent_id) VALUES ('French Southern Territories', 'continent:Antarctica');
INSERT INTO geography_parents (geography_id, parent_id) VALUES ('Gabon', 'continent:Africa');
INSERT INTO geography_parents (geography_id, parent_id) VALUES ('Gambia', 'continent:Africa');
INSERT INTO geography_parents (geography_id, parent_id) VALUES ('Georgia', 'continent:Asia');
INSERT INTO geography_parents (geography_id, parent_id) VALUES ('Germany', 'continent:Europe');
INSERT INTO geography_parents (geography_id, parent_id) VALUES ('Ghana', 'continent:Africa');
INSERT INTO geography_parents (geography_id, parent_id) VALUES ('Greece', 'continent:Europe');
INSERT INTO geography_parents (geography_id, parent_id) VALUES ('Greenland', 'continent:North America');
INSERT INTO geography_parents (geography_id, parent_id) VALUES ('Guatemala', 'continent:North America');
INSERT INTO geography_parents (geography_id, parent_id) VALUES ('Guinea', 'continent:Africa');
INSERT INTO geography_parents (geography_id, parent_id) VALUES ('Guinea-Bissau', 'continent:Africa');
INSERT INTO geography_parents (geography_id, parent_id) VALUES ('Guyana', 'continent:South America');
INSERT INTO geography_parents (geography_id, parent_id) VALUES ('Haiti', 'continent:North America');
INSERT INTO geography_parents (geography_id, parent_id) VALUES ('Heard Island and McDonald Islands', 'continent:Antarctica');
INSERT INTO geography_parents (geography_id, parent_id) VALUES ('Honduras', 'continent:North America');
INSERT INTO geography_parents (geography_id, parent_id) VALUES ('Hong Kong', 'continent:Asia');
INSERT INTO geography_parents (geography_id, parent_id) VALUES ('Hungary', 'continent:Europe');
INSERT INTO geography_parents (geography_id, parent_id) VALUES ('Iceland', 'continent:Europe');
INSERT INTO geography_parents (geography_id, parent_id) VALUES ('India', 'continent:Asia');
INSERT INTO geography_parents (geography_id, parent_id) VALUES ('Indonesia', 'continent:Asia');
INSERT INTO geography_parents (geography_id, parent_id) VALUES ('Iran', 'continent:Asia');
INSERT INTO geography_parents (geography_id, parent_id) VALUES ('Iraq', 'continent:Asia');
INSERT INTO geography_parents (geography_id, parent_id) VALUES ('Ireland', 'continent:Europe');
INSERT INTO geography_parents (geography_id, parent_id) VALUES ('Isle of Man', 'continent:Europe');
INSERT INTO geography_parents (geography_id, parent_id) VALUES ('Israel', 'continent:Asia');
INSERT INTO geography_parents (geography_id, parent_id) VALUES ('Italy', 'continent:Europe');
INSERT INTO geography_parents (geography_id, parent_id) VALUES ('Jamaica', 'continent:North America');
INSERT INTO geography_parents (geography_id, parent_id) VALUES ('Japan', 'continent:Asia');
INSERT INTO geography_parents (geography_id, parent_id) VALUES ('Jersey', 'continent:Europe');
INSERT INTO geography_parents (geography_id, parent_id) VALUES ('Jordan', 'continent:Asia');
INSERT INTO geography_parents (geography_id, parent_id) VALUES ('Kazakhstan', 'continent:Asia');
INSERT INTO geography_parents (geography_id, parent_id) VALUES ('Kenya', 'continent:Africa');
INSERT INTO geography_parents (geography_id, parent_id) VALUES ('Kiribati', 'continent:Oceania');
INSERT INTO geography_parents (geography_id, parent_id) VALUES ('Kosovo', 'continent:Europe');
INSERT INTO geography_parents (geography_id, parent_id) VALUES ('Kuwait', 'continent:Asia');
INSERT INTO geography_parents (geography_id, parent_id) VALUES ('Kyrgyzstan', 'continent:Asia');
INSERT INTO geography_parents (geography_id, parent_id) VALUES ('Laos', 'continent:Asia');
INSERT INTO geography_parents (geography_id, parent_id) VALUES ('Latvia', 'continent:Europe');
INSERT INTO geography_parents (geography_id, parent_id) VALUES ('Lebanon', 'continent:Asia');
INSERT INTO geography_parents (geography_id, parent_id) VALUES ('Lesotho', 'continent:Africa');
INSERT INTO geography_parents (geography_id, parent_id) VALUES ('Liberia', 'continent:Africa');
INSERT INTO geography_parents (geography_id, parent_id) VALUES ('Libya', 'continent:Africa');
INSERT INTO geography_parents (geography_id, parent_id) VALUES ('Liechtenstein', 'continent:Europe');
INSERT INTO geography_parents (geography_id, parent_id) VALUES ('Lithuania', 'continent:Europe');
INSERT INTO geography_parents (geography_id, parent_id) VALUES ('Luxembourg', 'continent:Europe');
INSERT INTO geography_parents (geography_id, parent_id) VALUES ('Macao', 'continent:Asia');
INSERT INTO geography_parents (geography_id, parent_id) VALUES ('Madagascar', 'continent:Africa');
INSERT INTO geography_parents (geography_id, parent_id) VALUES ('Malawi', 'continent:Africa');
INSERT INTO geography_parents (geography_id, parent_id) VALUES ('Malaysia', 'continent:Asia');
INSERT INTO geography_parents (geography_id, parent_id) VALUES ('Maldives', 'continent:Asia');
INSERT INTO geography_parents (geography_id, parent_id) VALUES ('Mali', 'continent:Africa');
INSERT INTO geography_parents (geography_id, parent_id) VALUES ('Malta', 'continent:Europe');
INSERT INTO geography_parents (geography_id, parent_id) VALUES ('Marshall Islands', 'continent:Oceania');
INSERT INTO geography_parents (geography_id, parent_id) VALUES ('Martinique', 'continent:North America');
INSERT INTO geography_parents (geography_id, parent_id) VALUES ('Mauritania', 'continent:Africa');
INSERT INTO geography_parents (geography_id, parent_id) VALUES ('Mauritius', 'continent:Africa');
INSERT INTO geography_parents (geography_id, parent_id) VALUES ('Mayotte', 'continent:Africa');
INSERT INTO geography_parents (geography_id, parent_id) VALUES ('Mexico', 'continent:North America');
INSERT INTO geography_parents (geography_id, parent_id) VALUES ('Micronesia', 'continent:Oceania');
INSERT INTO geography_parents (geography_id, parent_id) VALUES ('Moldova', 'continent:Europe');
INSERT INTO geography_parents (geography_id, parent_id) VALUES ('Monaco', 'continent:Europe');
INSERT INTO geography_parents (geography_id, parent_id) VALUES ('Mongolia', 'continent:Asia');
INSERT INTO geography_parents (geography_id, parent_id) VALUES ('Montenegro', 'continent:Europe');
INSERT INTO geography_parents (geography_id, parent_id) VALUES ('Montserrat', 'continent:North America');
INSERT INTO geography_parents (geography_id, parent_id) VALUES ('Morocco', 'continent:Africa');
INSERT INTO geography_parents (geography_id, parent_id) VALUES ('Mozambique', 'continent:Africa');
INSERT INTO geography_parents (geography_id, parent_id) VALUES ('Myanmar', 'continent:Asia');
INSERT INTO geography_parents (geography_id, parent_id) VALUES ('Namibia', 'continent:Africa');
INSERT INTO geography_parents (geography_id, parent_id) VALUES ('Nauru', 'continent:Oceania');
INSERT INTO geography_parents (geography_id, parent_id) VALUES ('Nepal', 'continent:Asia');
INSERT INTO geography_parents (geography_id, parent_id) VALUES ('Netherlands', 'continent:Europe');
INSERT INTO geography_parents (geography_id, parent_id) VALUES ('New Caledonia', 'continent:Oceania');
INSERT INTO geography_parents (geography_id, parent_id) VALUES ('New Zealand', 'continent:Oceania');
INSERT INTO geography_parents (geography_id, parent_id) VALUES ('Nicaragua', 'continent:North America');
INSERT INTO geography_parents (geography_id, parent_id) VALUES ('Niger', 'continent:Africa');
INSERT INTO geography_parents (geography_id, parent_id) VALUES ('Nigeria', 'continent:Africa');
INSERT INTO geography_parents (geography_id, parent_id) VALUES ('Niue', 'continent:Oceania');
INSERT INTO geography_parents (geography_id, parent_id) VALUES ('Norfolk Island', 'continent:Oceania');
INSERT INTO geography_parents (geography_id, parent_id) VALUES ('North Korea', 'continent:Asia');
INSERT INTO geography_parents (geography_id, parent_id) VALUES ('North Macedonia', 'continent:Europe');
INSERT INTO geography_parents (geography_id, parent_id) VALUES ('Northern Mariana Islands', 'continent:Oceania');
INSERT INTO geography_parents (geography_id, parent_id) VALUES ('Norway', 'continent:Europe');
INSERT INTO geography_parents (geography_id, parent_id) VALUES ('Oman', 'continent:Asia');
INSERT INTO geography_parents (geography_id, parent_id) VALUES ('Pakistan', 'continent:Asia');
INSERT INTO geography_parents (geography_id, parent_id) VALUES ('Palau', 'continent:Oceania');
INSERT INTO geography_parents (geography_id, parent_id) VALUES ('Palestine', 'continent:Asia');
INSERT INTO geography_parents (geography_id, parent_id) VALUES ('Panama', 'continent:North America');
INSERT INTO geography_parents (geography_id, parent_id) VALUES ('Papua New Guinea', 'continent:Oceania');
INSERT INTO geography_parents (geography_id, parent_id) VALUES ('Paraguay', 'continent:South America');
INSERT INTO geography_parents (geography_id, parent_id) VALUES ('Peru', 'continent:South America');
INSERT INTO geography_parents (geography_id, parent_id) VALUES ('Philippines', 'continent:Asia');
INSERT INTO geography_parents (geography_id, parent_id) VALUES ('Pitcairn', 'continent:Oceania');
INSERT INTO geography_parents (geography_id, parent_id) VALUES ('Poland', 'continent:Europe');
INSERT INTO geography_parents (geography_id, parent_id) VALUES ('Portugal', 'continent:Europe');
INSERT INTO geography_parents (geography_id, parent_id) VALUES ('Puerto Rico', 'continent:North America');
INSERT INTO geography_parents (geography_id, parent_id) VALUES ('Qatar', 'continent:Asia');
INSERT INTO geography_parents (geography_id, parent_id) VALUES ('Romania', 'continent:Europe');
INSERT INTO geography_parents (geography_id, parent_id) VALUES ('Russian Federation', 'continent:Europe');
INSERT INTO geography_parents (geography_id, parent_id) VALUES ('Rwanda', 'continent:Africa');
INSERT INTO geography_parents (geography_id, parent_id) VALUES ('Réunion', 'continent:Africa');
INSERT INTO geography_parents (geography_id, parent_id) VALUES ('Saint Barthélemy', 'continent:North America');
INSERT INTO geography_parents (geography_id, parent_id) VALUES ('Saint Helena', 'continent:Africa');
INSERT INTO geography_parents (geography_id, parent_id) VALUES ('Saint Kitts and Nevis', 'continent:North America');
INSERT INTO geography_parents (geography_id, parent_id) VALUES ('Saint Lucia', 'continent:North America');
INSERT INTO geography_parents (geography_id, parent_id) VALUES ('Saint Martin (French part)', 'continent:North America');
INSERT INTO geography_parents (geography_id, parent_id) VALUES ('Saint Pierre and Miquelon', 'continent:North America');
INSERT INTO geography_parents (geography_id, parent_id) VALUES ('Saint Vincent and the Grenadines', 'continent:North America');
INSERT INTO geography_parents (geography_id, parent_id) VALUES ('Samoa', 'continent:Oceania');
INSERT INTO geography_parents (geography_id, parent_id) VALUES ('San Marino', 'continent:Europe');
INSERT INTO geography_parents (geography_id, parent_id) VALUES ('Sao Tome and Principe', 'continent:Africa');
INSERT INTO geography_parents (geography_id, parent_id) VALUES ('Saudi Arabia', 'continent:Asia');
INSERT INTO geography_parents (geography_id, parent_id) VALUES ('Senegal', 'continent:Africa');
INSERT INTO geography_parents (geography_id, parent_id) VALUES ('Serbia', 'continent:Europe');
INSERT INTO geography_parents (geography_id, parent_id) VALUES ('Seychelles', 'continent:Africa');
INSERT INTO geography_parents (geography_id, parent_id) VALUES ('Sierra Leone', 'continent:Africa');
INSERT INTO geography_parents (geography_id, parent_id) VALUES ('Singapore', 'continent:Asia');
INSERT INTO geography_parents (geography_id, parent_id) VALUES ('Sint Maarten (Dutch part)', 'continent:North America');
INSERT INTO geography_parents (geography_id, parent_id) VALUES ('Slovakia', 'continent:Europe');
INSERT INTO geography_parents (geography_id, parent_id) VALUES ('Slovenia', 'continent:Europe');
INSERT INTO geography_parents (geography_id, parent_id) VALUES ('Solomon Islands', 'continent:Oceania');
INSERT INTO geography_parents (geography_id, parent_id) VALUES ('Somalia', 'continent:Africa');
INSERT INTO geography_parents (geography_id, parent_id) VALUES ('South Africa', 'continent:Africa');
INSERT INTO geography_parents (geography_id, parent_id) VALUES ('South Georgia and the South Sandwich Islands', 'continent:Antarctica');
INSERT INTO geography_parents (geography_id, parent_id) VALUES ('South Korea', 'continent:Asia');
INSERT INTO geography_parents (geography_id, parent_id) VALUES ('South Sudan', 'continent:Africa');
INSERT INTO geography_parents (geography_id, parent_id) VALUES ('Spain', 'continent:Europe');
INSERT INTO geography_parents (geography_id, parent_id) VALUES ('Sri Lanka', 'continent:Asia');
INSERT INTO geography_parents (geography_id, parent_id) VALUES ('Sudan', 'continent:Africa');
INSERT INTO geography_parents (geography_id, parent_id) VALUES ('Suriname', 'continent:South America');
INSERT INTO geography_parents (geography_id, parent_id) VALUES ('Svalbard and Jan Mayen', 'continent:Europe');
INSERT INTO geography_parents (geography_id, parent_id) VALUES ('Sweden', 'continent:Europe');
INSERT INTO geography_parents (geography_id, parent_id) VALUES ('Switzerland', 'continent:Europe');
INSERT INTO geography_parents (geography_id, parent_id) VALUES ('Syria', 'continent:Asia');
INSERT INTO geography_parents (geography_id, parent_id) VALUES ('Taiwan', 'continent:Asia');
INSERT INTO geography_parents (geography_id, parent_id) VALUES ('Tajikistan', 'continent:Asia');
INSERT INTO geography_parents (geography_id, parent_id) VALUES ('Tanzania', 'continent:Africa');
INSERT INTO geography_parents (geography_id, parent_id) VALUES ('Thailand', 'continent:Asia');
INSERT INTO geography_parents (geography_id, parent_id) VALUES ('Timor-Leste', 'continent:Asia');
INSERT INTO geography_parents (geography_id, parent_id) VALUES ('Togo', 'continent:Africa');
INSERT INTO geography_parents (geography_id, parent_id) VALUES ('Tokelau', 'continent:Oceania');
INSERT INTO geography_parents (geography_id, parent_id) VALUES ('Tonga', 'continent:Oceania');
INSERT INTO geography_parents (geography_id, parent_id) VALUES ('Trinidad and Tobago', 'continent:North America');
INSERT INTO geography_parents (geography_id, parent_id) VALUES ('Tunisia', 'continent:Africa');
INSERT INTO geography_parents (geography_id, parent_id) VALUES ('Turkey', 'continent:Asia');
INSERT INTO geography_parents (geography_id, parent_id) VALUES ('Turkmenistan', 'continent:Asia');
INSERT INTO geography_parents (geography_id, parent_id) VALUES ('Turks and Caicos Islands', 'continent:North America');
INSERT INTO geography_parents (geography_id, parent_id) VALUES ('Tuvalu', 'continent:Oceania');
INSERT INTO geography_parents (geography_id, parent_id) VALUES ('Uganda', 'continent:Africa');
INSERT INTO geography_parents (geography_id, parent_id) VALUES ('Ukraine', 'continent:Europe');
INSERT INTO geography_parents (geography_id, parent_id) VALUES ('United Arab Emirates', 'continent:Asia');
INSERT INTO geography_parents (geography_id, parent_id) VALUES ('United Kingdom', 'continent:Europe');
INSERT INTO geography_parents (geography_id, parent_id) VALUES ('United States', 'continent:North America');
INSERT INTO geography_parents (geography_id, parent_id) VALUES ('United States Minor Outlying Islands', 'continent:Oceania');
INSERT INTO geography_parents (geography_id, parent_id) VALUES ('United States Virgin Islands', 'continent:North America');
INSERT INTO geography_parents (geography_id, parent_id) VALUES ('Uruguay', 'continent:South America');
INSERT INTO geography_parents (geography_id, parent_id) VALUES ('Uzbekistan', 'continent:Asia');
INSERT INTO geography_parents (geography_id, parent_id) VALUES ('Vanuatu', 'continent:Oceania');
INSERT INTO geography_parents (geography_id, parent_id) VALUES ('Vatican', 'continent:Europe');
INSERT INTO geography_parents (geography_id, parent_id) VALUES ('Venezuela', 'continent:South America');
INSERT INTO geography_parents (geography_id, parent_id) VALUES ('Viet Nam', 'continent:Asia');
INSERT INTO geography_parents (geography_id, parent_id) VALUES ('Wallis and Futuna', 'continent:Oceania');
INSERT INTO geography_parents (geography_id, parent_id) VALUES ('Western Sahara', 'continent:Africa');
INSERT INTO geography_parents (geography_id, parent_id) VALUES ('Yemen', 'continent:Asia');
INSERT INTO geography_parents (geography_id, parent_id) VALUES ('Zambia', 'continent:Africa');
INSERT INTO geography_parents (geography_id, parent_id) VALUES ('Zimbabwe', 'continent:Africa');
INSERT INTO geography_parents (geography_id, parent_id) VALUES ('Åland Islands', 'continent:Europe');
INSERT INTO geography_parents (geography_id, parent_id) VALUES ('Accra', 'Ghana');
INSERT INTO geography_parents (geography_id, parent_id) VALUES ('Addis Abeba', 'Ethiopia');
INSERT INTO geography_parents (geography_id, parent_id) VALUES ('Alicante', 'Spain');
INSERT INTO geography_parents (geography_id, parent_id) VALUES ('Amman', 'Jordan');
INSERT INTO geography_parents (geography_id, parent_id) VALUES ('Amsterdam', 'Netherlands');
INSERT INTO geography_parents (geography_id, parent_id) VALUES ('Antwerp', 'Belgium');
INSERT INTO geography_parents (geography_id, parent_id) VALUES ('Athens', 'Greece');
INSERT INTO geography_parents (geography_id, parent_id) VALUES ('Auckland', 'New Zealand');
INSERT INTO geography_parents (geography_id, parent_id) VALUES ('Barcelona', 'Spain');
INSERT INTO geography_parents (geography_id, parent_id) VALUES ('Bari', 'Italy');
INSERT INTO geography_parents (geography_id, parent_id) VALUES ('Basel', 'Switzerland');
INSERT INTO geography_parents (geography_id, parent_id) VALUES ('Belgrade', 'Serbia');
INSERT INTO geography_parents (geography_id, parent_id) VALUES ('Berlin', 'Germany');
INSERT INTO geography_parents (geography_id, parent_id) VALUES ('Bilbao', 'Spain');
INSERT INTO geography_parents (geography_id, parent_id) VALUES ('Birmingham', 'United Kingdom');
INSERT INTO geography_parents (geography_id, parent_id) VALUES ('Bodø', 'Norway');
INSERT INTO geography_parents (geography_id, parent_id) VALUES ('Bogota', 'Colombia');
INSERT INTO geography_parents (geography_id, parent_id) VALUES ('Bologna', 'Italy');
INSERT INTO geography_parents (geography_id, parent_id) VALUES ('Bordeaux', 'France');
INSERT INTO geography_parents (geography_id, parent_id) VALUES ('Brasov', 'Romania');
INSERT INTO geography_parents (geography_id, parent_id) VALUES ('Bratislava', 'Slovakia');
INSERT INTO geography_parents (geography_id, parent_id) VALUES ('Brussels', 'Belgium');
INSERT INTO geography_parents (geography_id, parent_id) VALUES ('Bucharest', 'Romania');
INSERT INTO geography_parents (geography_id, parent_id) VALUES ('Budapest', 'Hungary');
INSERT INTO geography_parents (geography_id, parent_id) VALUES ('Buenos Aires', 'Argentina');
INSERT INTO geography_parents (geography_id, parent_id) VALUES ('Cairo', 'Egypt');
INSERT INTO geography_parents (geography_id, parent_id) VALUES ('Cape Town', 'South Africa');
INSERT INTO geography_parents (geography_id, parent_id) VALUES ('Charleroi', 'Belgium');
INSERT INTO geography_parents (geography_id, parent_id) VALUES ('Chennai', 'India');
INSERT INTO geography_parents (geography_id, parent_id) VALUES ('Cluj Napoca', 'Romania');
INSERT INTO geography_parents (geography_id, parent_id) VALUES ('Cologne', 'Germany');
INSERT INTO geography_parents (geography_id, parent_id) VALUES ('Copenhagen', 'Denmark');
INSERT INTO geography_parents (geography_id, parent_id) VALUES ('Curitiba', 'Brazil');
INSERT INTO geography_parents (geography_id, parent_id) VALUES ('Dakar', 'Senegal');
INSERT INTO geography_parents (geography_id, parent_id) VALUES ('Debrecen', 'Hungary');
INSERT INTO geography_parents (geography_id, parent_id) VALUES ('Dhaka', 'Bangladesh');
INSERT INTO geography_parents (geography_id, parent_id) VALUES ('Dubai', 'United Arab Emirates');
INSERT INTO geography_parents (geography_id, parent_id) VALUES ('Dublin', 'Ireland');
INSERT INTO geography_parents (geography_id, parent_id) VALUES ('Dusseldorf', 'Germany');
INSERT INTO geography_parents (geography_id, parent_id) VALUES ('Edinburgh', 'United Kingdom');
INSERT INTO geography_parents (geography_id, parent_id) VALUES ('Frankfurt am Main', 'Germany');
INSERT INTO geography_parents (geography_id, parent_id) VALUES ('Gdansk', 'Poland');
INSERT INTO geography_parents (geography_id, parent_id) VALUES ('Geneva', 'Switzerland');
INSERT INTO geography_parents (geography_id, parent_id) VALUES ('Genoa', 'Italy');
INSERT INTO geography_parents (geography_id, parent_id) VALUES ('Ghent', 'Belgium');
INSERT INTO geography_parents (geography_id, parent_id) VALUES ('Glasgow', 'United Kingdom');
INSERT INTO geography_parents (geography_id, parent_id) VALUES ('Goteborg', 'Sweden');
INSERT INTO geography_parents (geography_id, parent_id) VALUES ('Graz', 'Austria');
INSERT INTO geography_parents (geography_id, parent_id) VALUES ('Gyor', 'Hungary');
INSERT INTO geography_parents (geography_id, parent_id) VALUES ('Hamburg', 'Germany');
INSERT INTO geography_parents (geography_id, parent_id) VALUES ('Helsinki', 'Finland');
INSERT INTO geography_parents (geography_id, parent_id) VALUES ('Ho Chi Minh', 'Viet Nam');
INSERT INTO geography_parents (geography_id, parent_id) VALUES ('Hong Kong (City)', 'Hong Kong');
INSERT INTO geography_parents (geography_id, parent_id) VALUES ('Houston', 'United States');
INSERT INTO geography_parents (geography_id, parent_id) VALUES ('Istanbul', 'Turkey');
INSERT INTO geography_parents (geography_id, parent_id) VALUES ('Islamabad', 'Pakistan');
INSERT INTO geography_parents (geography_id, parent_id) VALUES ('Jakarta', 'Indonesia');
INSERT INTO geography_parents (geography_id, parent_id) VALUES ('Karachi', 'Pakistan');
INSERT INTO geography_parents (geography_id, parent_id) VALUES ('Klaipeda', 'Lithuania');
INSERT INTO geography_parents (geography_id, parent_id) VALUES ('Kosice', 'Slovakia');
INSERT INTO geography_parents (geography_id, parent_id) VALUES ('Krakow', 'Poland');
INSERT INTO geography_parents (geography_id, parent_id) VALUES ('Lagos', 'Nigeria');
INSERT INTO geography_parents (geography_id, parent_id) VALUES ('Leeds', 'United Kingdom');
INSERT INTO geography_parents (geography_id, parent_id) VALUES ('Leipzig', 'Germany');
INSERT INTO geography_parents (geography_id, parent_id) VALUES ('Liege', 'Belgium');
INSERT INTO geography_parents (geography_id, parent_id) VALUES ('Lille', 'France');
INSERT INTO geography_parents (geography_id, parent_id) VALUES ('Lima', 'Peru');
INSERT INTO geography_parents (geography_id, parent_id) VALUES ('Lisbon', 'Portugal');
INSERT INTO geography_parents (geography_id, parent_id) VALUES ('Ljubljana', 'Slovenia');
INSERT INTO geography_parents (geography_id, parent_id) VALUES ('Lodz', 'Poland');
INSERT INTO geography_parents (geography_id, parent_id) VALUES ('London', 'United Kingdom');
INSERT INTO geography_parents (geography_id, parent_id) VALUES ('Los Angeles', 'United States');
INSERT INTO geography_parents (geography_id, parent_id) VALUES ('Luxembourg (City)', 'Luxembourg');
INSERT INTO geography_parents (geography_id, parent_id) VALUES ('Lyon', 'France');
INSERT INTO geography_parents (geography_id, parent_id) VALUES ('Madrid', 'Spain');
INSERT INTO geography_parents (geography_id, parent_id) VALUES ('Malaga', 'Spain');
INSERT INTO geography_parents (geography_id, parent_id) VALUES ('Marrakesh', 'Morocco');
INSERT INTO geography_parents (geography_id, parent_id) VALUES ('Marseille', 'France');
INSERT INTO geography_parents (geography_id, parent_id) VALUES ('Medina', 'Saudi Arabia');
INSERT INTO geography_parents (geography_id, parent_id) VALUES ('Melbourne', 'Australia');
INSERT INTO geography_parents (geography_id, parent_id) VALUES ('Mexico City', 'Mexico');
INSERT INTO geography_parents (geography_id, parent_id) VALUES ('Milan', 'Italy');
INSERT INTO geography_parents (geography_id, parent_id) VALUES ('Miskolc', 'Hungary');
INSERT INTO geography_parents (geography_id, parent_id) VALUES ('Mogadishu', 'Somalia');
INSERT INTO geography_parents (geography_id, parent_id) VALUES ('Montpellier', 'France');
INSERT INTO geography_parents (geography_id, parent_id) VALUES ('Moscow', 'Russian Federation');
INSERT INTO geography_parents (geography_id, parent_id) VALUES ('Munich', 'Germany');
INSERT INTO geography_parents (geography_id, parent_id) VALUES ('Murcia', 'Spain');
INSERT INTO geography_parents (geography_id, parent_id) VALUES ('Nairobi', 'Kenya');
INSERT INTO geography_parents (geography_id, parent_id) VALUES ('Nanjing', 'China');
INSERT INTO geography_parents (geography_id, parent_id) VALUES ('Nantes', 'France');
INSERT INTO geography_parents (geography_id, parent_id) VALUES ('Naples', 'Italy');
INSERT INTO geography_parents (geography_id, parent_id) VALUES ('Nassau', 'Bahamas');
INSERT INTO geography_parents (geography_id, parent_id) VALUES ('New York', 'United States');
INSERT INTO geography_parents (geography_id, parent_id) VALUES ('Newcastle', 'United Kingdom');
INSERT INTO geography_parents (geography_id, parent_id) VALUES ('Nice', 'France');
INSERT INTO geography_parents (geography_id, parent_id) VALUES ('Novi Sad', 'Serbia');
INSERT INTO geography_parents (geography_id, parent_id) VALUES ('Oslo', 'Norway');
INSERT INTO geography_parents (geography_id, parent_id) VALUES ('Padua', 'Italy');
INSERT INTO geography_parents (geography_id, parent_id) VALUES ('Palermo', 'Italy');
INSERT INTO geography_parents (geography_id, parent_id) VALUES ('Palma de Mallorca', 'Spain');
INSERT INTO geography_parents (geography_id, parent_id) VALUES ('Paris', 'France');
INSERT INTO geography_parents (geography_id, parent_id) VALUES ('Pecs', 'Hungary');
INSERT INTO geography_parents (geography_id, parent_id) VALUES ('Phoenix', 'United States');
INSERT INTO geography_parents (geography_id, parent_id) VALUES ('Podgorica', 'Montenegro');
INSERT INTO geography_parents (geography_id, parent_id) VALUES ('Porto', 'Portugal');
INSERT INTO geography_parents (geography_id, parent_id) VALUES ('Prague', 'Czechia');
INSERT INTO geography_parents (geography_id, parent_id) VALUES ('Rabat', 'Morocco');
INSERT INTO geography_parents (geography_id, parent_id) VALUES ('Reykjavik', 'Iceland');
INSERT INTO geography_parents (geography_id, parent_id) VALUES ('Riga', 'Latvia');
INSERT INTO geography_parents (geography_id, parent_id) VALUES ('Rome', 'Italy');
INSERT INTO geography_parents (geography_id, parent_id) VALUES ('Rotterdam', 'Netherlands');
INSERT INTO geography_parents (geography_id, parent_id) VALUES ('Salvador', 'Brazil');
INSERT INTO geography_parents (geography_id, parent_id) VALUES ('Santiago', 'Chile');
INSERT INTO geography_parents (geography_id, parent_id) VALUES ('Sarajevo', 'Bosnia and Herzegovina');
INSERT INTO geography_parents (geography_id, parent_id) VALUES ('Sevilla', 'Spain');
INSERT INTO geography_parents (geography_id, parent_id) VALUES ('Singapore (City)', 'Singapore');
INSERT INTO geography_parents (geography_id, parent_id) VALUES ('Skopje', 'North Macedonia');
INSERT INTO geography_parents (geography_id, parent_id) VALUES ('Sofia', 'Bulgaria');
INSERT INTO geography_parents (geography_id, parent_id) VALUES ('Split', 'Croatia');
INSERT INTO geography_parents (geography_id, parent_id) VALUES ('Stockholm', 'Sweden');
INSERT INTO geography_parents (geography_id, parent_id) VALUES ('Strasbourg', 'France');
INSERT INTO geography_parents (geography_id, parent_id) VALUES ('Sydney', 'Australia');
INSERT INTO geography_parents (geography_id, parent_id) VALUES ('Szeged', 'Hungary');
INSERT INTO geography_parents (geography_id, parent_id) VALUES ('Tallinn', 'Estonia');
INSERT INTO geography_parents (geography_id, parent_id) VALUES ('Tartu', 'Estonia');
INSERT INTO geography_parents (geography_id, parent_id) VALUES ('Teheran', 'Iran');
INSERT INTO geography_parents (geography_id, parent_id) VALUES ('Thessaloniki', 'Greece');
INSERT INTO geography_parents (geography_id, parent_id) VALUES ('Tirana', 'Albania');
INSERT INTO geography_parents (geography_id, parent_id) VALUES ('Tokyo', 'Japan');
INSERT INTO geography_parents (geography_id, parent_id) VALUES ('Toronto', 'Canada');
INSERT INTO geography_parents (geography_id, parent_id) VALUES ('Toulouse', 'France');
INSERT INTO geography_parents (geography_id, parent_id) VALUES ('Trieste', 'Italy');
INSERT INTO geography_parents (geography_id, parent_id) VALUES ('Tschwane', 'South Africa');
INSERT INTO geography_parents (geography_id, parent_id) VALUES ('Turin', 'Italy');
INSERT INTO geography_parents (geography_id, parent_id) VALUES ('Utrecht', 'Netherlands');
INSERT INTO geography_parents (geography_id, parent_id) VALUES ('Valencia', 'Spain');
INSERT INTO geography_parents (geography_id, parent_id) VALUES ('Varna', 'Bulgaria');
INSERT INTO geography_parents (geography_id, parent_id) VALUES ('Vienna', 'Austria');
INSERT INTO geography_parents (geography_id, parent_id) VALUES ('Vilnius', 'Lithuania');
INSERT INTO geography_parents (geography_id, parent_id) VALUES ('Warsaw', 'Poland');
INSERT INTO geography_parents (geography_id, parent_id) VALUES ('Wroclaw', 'Poland');
INSERT INTO geography_parents (geography_id, parent_id) VALUES ('Zagreb', 'Croatia');
INSERT INTO geography_parents (geography_id, parent_id) VALUES ('Zurich', 'Switzerland');
INSERT INTO geography_parents (geography_id, parent_id) VALUES ('Indigirka (RB)', 'Russian Federation');
INSERT INTO geography_parents (geography_id, parent_id) VALUES ('Ob (RB)', 'Russian Federation');
INSERT INTO geography_parents (geography_id, parent_id) VALUES ('Ob (RB)', 'Kazakhstan');
INSERT INTO geography_parents (geography_id, parent_id) VALUES ('Ob (RB)', 'China');
INSERT INTO geography_parents (geography_id, parent_id) VALUES ('Ob (RB)', 'Mongolia');
INSERT INTO geography_parents (geography_id, parent_id) VALUES ('Brahmaputra (RB)', 'China');
INSERT INTO geography_parents (geography_id, parent_id) VALUES ('Brahmaputra (RB)', 'India');
INSERT INTO geography_parents (geography_id, parent_id) VALUES ('Brahmaputra (RB)', 'Bangladesh');
INSERT INTO geography_parents (geography_id, parent_id) VALUES ('Brahmaputra (RB)', 'Bhutan');
INSERT INTO geography_parents (geography_id, parent_id) VALUES ('Ganges (RB)', 'India');
INSERT INTO geography_parents (geography_id, parent_id) VALUES ('Ganges (RB)', 'Bangladesh');
INSERT INTO geography_parents (geography_id, parent_id) VALUES ('Ganges (RB)', 'Nepal');
INSERT INTO geography_parents (geography_id, parent_id) VALUES ('Ganges (RB)', 'China');
INSERT INTO geography_parents (geography_id, parent_id) VALUES ('Indus (RB)', 'Pakistan');
INSERT INTO geography_parents (geography_id, parent_id) VALUES ('Indus (RB)', 'India');
INSERT INTO geography_parents (geography_id, parent_id) VALUES ('Indus (RB)', 'China');
INSERT INTO geography_parents (geography_id, parent_id) VALUES ('Indus (RB)', 'Afghanistan');
INSERT INTO geography_parents (geography_id, parent_id) VALUES ('Irrawaddy (RB)', 'Myanmar');
INSERT INTO geography_parents (geography_id, parent_id) VALUES ('Irrawaddy (RB)', 'China');
INSERT INTO geography_parents (geography_id, parent_id) VALUES ('Irrawaddy (RB)', 'India');
INSERT INTO geography_parents (geography_id, parent_id) VALUES ('Salween (RB)', 'China');
INSERT INTO geography_parents (geography_id, parent_id) VALUES ('Salween (RB)', 'Myanmar');
INSERT INTO geography_parents (geography_id, parent_id) VALUES ('Salween (RB)', 'Thailand');
INSERT INTO geography_parents (geography_id, parent_id) VALUES ('Kamchatka (RB)', 'Russian Federation');
INSERT INTO geography_parents (geography_id, parent_id) VALUES ('Mekong (RB)', 'China');
INSERT INTO geography_parents (geography_id, parent_id) VALUES ('Mekong (RB)', 'Myanmar');
INSERT INTO geography_parents (geography_id, parent_id) VALUES ('Mekong (RB)', 'Laos');
INSERT INTO geography_parents (geography_id, parent_id) VALUES ('Mekong (RB)', 'Thailand');
INSERT INTO geography_parents (geography_id, parent_id) VALUES ('Mekong (RB)', 'Cambodia');
INSERT INTO geography_parents (geography_id, parent_id) VALUES ('Mekong (RB)', 'Viet Nam');
INSERT INTO geography_parents (geography_id, parent_id) VALUES ('Yangtze (RB)', 'China');
INSERT INTO geography_parents (geography_id, parent_id) VALUES ('Yellow River (RB)', 'China');
INSERT INTO geography_parents (geography_id, parent_id) VALUES ('Aral Sea (RB)', 'Kazakhstan');
INSERT INTO geography_parents (geography_id, parent_id) VALUES ('Aral Sea (RB)', 'Uzbekistan');
INSERT INTO geography_parents (geography_id, parent_id) VALUES ('Aral Sea (RB)', 'Tajikistan');
INSERT INTO geography_parents (geography_id, parent_id) VALUES ('Aral Sea (RB)', 'Kyrgyzstan');
INSERT INTO geography_parents (geography_id, parent_id) VALUES ('Aral Sea (RB)', 'Turkmenistan');
INSERT INTO geography_parents (geography_id, parent_id) VALUES ('Aral Sea (RB)', 'Afghanistan');
INSERT INTO geography_parents (geography_id, parent_id) VALUES ('Chuy (RB)', 'Kyrgyzstan');
INSERT INTO geography_parents (geography_id, parent_id) VALUES ('Chuy (RB)', 'Kazakhstan');
INSERT INTO geography_parents (geography_id, parent_id) VALUES ('Har Us Nuur (RB)', 'Mongolia');
INSERT INTO geography_parents (geography_id, parent_id) VALUES ('Lake Balkhash (RB)', 'Kazakhstan');
INSERT INTO geography_parents (geography_id, parent_id) VALUES ('Lake Balkhash (RB)', 'China');
INSERT INTO geography_parents (geography_id, parent_id) VALUES ('Talas (RB)', 'Kyrgyzstan');
INSERT INTO geography_parents (geography_id, parent_id) VALUES ('Talas (RB)', 'Kazakhstan');
INSERT INTO geography_parents (geography_id, parent_id) VALUES ('Tarim He (RB)', 'China');
INSERT INTO geography_parents (geography_id, parent_id) VALUES ('Tarim He (RB)', 'Kyrgyzstan');
INSERT INTO geography_parents (geography_id, parent_id) VALUES ('Uvs Nuur (RB)', 'Mongolia');
INSERT INTO geography_parents (geography_id, parent_id) VALUES ('Uvs Nuur (RB)', 'Russian Federation');
INSERT INTO geography_parents (geography_id, parent_id) VALUES ('Ysyk Kol (RB)', 'Kyrgyzstan');
INSERT INTO geography_parents (geography_id, parent_id) VALUES ('Amazon (RB)', 'Brazil');
INSERT INTO geography_parents (geography_id, parent_id) VALUES ('Amazon (RB)', 'Peru');
INSERT INTO geography_parents (geography_id, parent_id) VALUES ('Amazon (RB)', 'Colombia');
INSERT INTO geography_parents (geography_id, parent_id) VALUES ('Amazon (RB)', 'Bolivia');
INSERT INTO geography_parents (geography_id, parent_id) VALUES ('Amazon (RB)', 'Ecuador');
INSERT INTO geography_parents (geography_id, parent_id) VALUES ('Amazon (RB)', 'Venezuela');
INSERT INTO geography_parents (geography_id, parent_id) VALUES ('Chico (RB)', 'Argentina');
INSERT INTO geography_parents (geography_id, parent_id) VALUES ('Colorado (RB)', 'Argentina');
INSERT INTO geography_parents (geography_id, parent_id) VALUES ('Magdalena (RB)', 'Colombia');
INSERT INTO geography_parents (geography_id, parent_id) VALUES ('Negro (RB)', 'Argentina');
INSERT INTO geography_parents (geography_id, parent_id) VALUES ('Negro (RB)', 'Uruguay');
INSERT INTO geography_parents (geography_id, parent_id) VALUES ('Santa Cruz (RB)', 'Argentina');
INSERT INTO geography_parents (geography_id, parent_id) VALUES ('Aisen (RB)', 'Chile');
INSERT INTO geography_parents (geography_id, parent_id) VALUES ('Azopardo (RB)', 'Chile');
INSERT INTO geography_parents (geography_id, parent_id) VALUES ('Azopardo (RB)', 'Argentina');
INSERT INTO geography_parents (geography_id, parent_id) VALUES ('Baker (RB)', 'Chile');
INSERT INTO geography_parents (geography_id, parent_id) VALUES ('Biobio (RB)', 'Chile');
INSERT INTO geography_parents (geography_id, parent_id) VALUES ('Cisnes (RB)', 'Chile');
INSERT INTO geography_parents (geography_id, parent_id) VALUES ('Copiapo (RB)', 'Chile');
INSERT INTO geography_parents (geography_id, parent_id) VALUES ('Huasco (RB)', 'Chile');
INSERT INTO geography_parents (geography_id, parent_id) VALUES ('Majes (RB)', 'Peru');
INSERT INTO geography_parents (geography_id, parent_id) VALUES ('Ocona (RB)', 'Peru');
INSERT INTO geography_parents (geography_id, parent_id) VALUES ('Palena (RB)', 'Chile');
INSERT INTO geography_parents (geography_id, parent_id) VALUES ('Palena (RB)', 'Argentina');
INSERT INTO geography_parents (geography_id, parent_id) VALUES ('Pascua (RB)', 'Chile');
INSERT INTO geography_parents (geography_id, parent_id) VALUES ('Puelo (RB)', 'Chile');
INSERT INTO geography_parents (geography_id, parent_id) VALUES ('Puelo (RB)', 'Argentina');
INSERT INTO geography_parents (geography_id, parent_id) VALUES ('Rapel (RB)', 'Chile');
INSERT INTO geography_parents (geography_id, parent_id) VALUES ('Santa (RB)', 'Peru');
INSERT INTO geography_parents (geography_id, parent_id) VALUES ('Serrano (RB)', 'Chile');
INSERT INTO geography_parents (geography_id, parent_id) VALUES ('Valdivia (RB)', 'Chile');
INSERT INTO geography_parents (geography_id, parent_id) VALUES ('Yelcho (RB)', 'Chile');
INSERT INTO geography_parents (geography_id, parent_id) VALUES ('Yelcho (RB)', 'Argentina');
INSERT INTO geography_parents (geography_id, parent_id) VALUES ('Titicaca (RB)', 'Peru');
INSERT INTO geography_parents (geography_id, parent_id) VALUES ('Titicaca (RB)', 'Bolivia');
INSERT INTO geography_parents (geography_id, parent_id) VALUES ('Colville (RB)', 'United States');
INSERT INTO geography_parents (geography_id, parent_id) VALUES ('Mackenzie (RB)', 'Canada');
INSERT INTO geography_parents (geography_id, parent_id) VALUES ('Nelson (RB)', 'Canada');
INSERT INTO geography_parents (geography_id, parent_id) VALUES ('Nelson (RB)', 'United States');
INSERT INTO geography_parents (geography_id, parent_id) VALUES ('Alsek (RB)', 'Canada');
INSERT INTO geography_parents (geography_id, parent_id) VALUES ('Alsek (RB)', 'United States');
INSERT INTO geography_parents (geography_id, parent_id) VALUES ('Columbia (RB)', 'United States');
INSERT INTO geography_parents (geography_id, parent_id) VALUES ('Columbia (RB)', 'Canada');
INSERT INTO geography_parents (geography_id, parent_id) VALUES ('Copper (RB)', 'United States');
INSERT INTO geography_parents (geography_id, parent_id) VALUES ('Fraser (RB)', 'Canada');
INSERT INTO geography_parents (geography_id, parent_id) VALUES ('Kuskokwim (RB)', 'United States');
INSERT INTO geography_parents (geography_id, parent_id) VALUES ('Nass (RB)', 'Canada');
INSERT INTO geography_parents (geography_id, parent_id) VALUES ('Nushagak (RB)', 'United States');
INSERT INTO geography_parents (geography_id, parent_id) VALUES ('Skagit (RB)', 'United States');
INSERT INTO geography_parents (geography_id, parent_id) VALUES ('Skagit (RB)', 'Canada');
INSERT INTO geography_parents (geography_id, parent_id) VALUES ('Skeena (RB)', 'Canada');
INSERT INTO geography_parents (geography_id, parent_id) VALUES ('Stikine (RB)', 'Canada');
INSERT INTO geography_parents (geography_id, parent_id) VALUES ('Stikine (RB)', 'United States');
INSERT INTO geography_parents (geography_id, parent_id) VALUES ('Susitna (RB)', 'United States');
INSERT INTO geography_parents (geography_id, parent_id) VALUES ('Taku (RB)', 'Canada');
INSERT INTO geography_parents (geography_id, parent_id) VALUES ('Taku (RB)', 'United States');
INSERT INTO geography_parents (geography_id, parent_id) VALUES ('Yukon (RB)', 'United States');
INSERT INTO geography_parents (geography_id, parent_id) VALUES ('Yukon (RB)', 'Canada');
INSERT INTO geography_parents (geography_id, parent_id) VALUES ('Clutha (RB)', 'New Zealand');
INSERT INTO geography_parents (geography_id, parent_id) VALUES ('Jokulsa a Fjollum (RB)', 'Iceland');
INSERT INTO geography_parents (geography_id, parent_id) VALUES ('Lagarfljot (RB)', 'Iceland');
INSERT INTO geography_parents (geography_id, parent_id) VALUES ('Svarta (RB)', 'Iceland');
INSERT INTO geography_parents (geography_id, parent_id) VALUES ('Danube (RB)', 'Germany');
INSERT INTO geography_parents (geography_id, parent_id) VALUES ('Danube (RB)', 'Austria');
INSERT INTO geography_parents (geography_id, parent_id) VALUES ('Danube (RB)', 'Slovakia');
INSERT INTO geography_parents (geography_id, parent_id) VALUES ('Danube (RB)', 'Hungary');
INSERT INTO geography_parents (geography_id, parent_id) VALUES ('Danube (RB)', 'Croatia');
INSERT INTO geography_parents (geography_id, parent_id) VALUES ('Danube (RB)', 'Serbia');
INSERT INTO geography_parents (geography_id, parent_id) VALUES ('Danube (RB)', 'Romania');
INSERT INTO geography_parents (geography_id, parent_id) VALUES ('Danube (RB)', 'Bulgaria');
INSERT INTO geography_parents (geography_id, parent_id) VALUES ('Danube (RB)', 'Ukraine');
INSERT INTO geography_parents (geography_id, parent_id) VALUES ('Danube (RB)', 'Moldova');
INSERT INTO geography_parents (geography_id, parent_id) VALUES ('Danube (RB)', 'Bosnia and Herzegovina');
INSERT INTO geography_parents (geography_id, parent_id) VALUES ('Danube (RB)', 'Slovenia');
INSERT INTO geography_parents (geography_id, parent_id) VALUES ('Dramselva (RB)', 'Norway');
INSERT INTO geography_parents (geography_id, parent_id) VALUES ('Glomaa (RB)', 'Norway');
INSERT INTO geography_parents (geography_id, parent_id) VALUES ('Kalixalven (RB)', 'Sweden');
INSERT INTO geography_parents (geography_id, parent_id) VALUES ('Kuban (RB)', 'Russian Federation');
INSERT INTO geography_parents (geography_id, parent_id) VALUES ('Lulealven (RB)', 'Sweden');
INSERT INTO geography_parents (geography_id, parent_id) VALUES ('Olfusa (RB)', 'Iceland');
INSERT INTO geography_parents (geography_id, parent_id) VALUES ('Po (RB)', 'Italy');
INSERT INTO geography_parents (geography_id, parent_id) VALUES ('Po (RB)', 'Switzerland');
INSERT INTO geography_parents (geography_id, parent_id) VALUES ('Po (RB)', 'France');
INSERT INTO geography_parents (geography_id, parent_id) VALUES ('Rhine (RB)', 'Switzerland');
INSERT INTO geography_parents (geography_id, parent_id) VALUES ('Rhine (RB)', 'Germany');
INSERT INTO geography_parents (geography_id, parent_id) VALUES ('Rhine (RB)', 'France');
INSERT INTO geography_parents (geography_id, parent_id) VALUES ('Rhine (RB)', 'Netherlands');
INSERT INTO geography_parents (geography_id, parent_id) VALUES ('Rhine (RB)', 'Austria');
INSERT INTO geography_parents (geography_id, parent_id) VALUES ('Rhine (RB)', 'Liechtenstein');
INSERT INTO geography_parents (geography_id, parent_id) VALUES ('Rhine (RB)', 'Luxembourg');
INSERT INTO geography_parents (geography_id, parent_id) VALUES ('Rhine (RB)', 'Belgium');
INSERT INTO geography_parents (geography_id, parent_id) VALUES ('Rhone (RB)', 'Switzerland');
INSERT INTO geography_parents (geography_id, parent_id) VALUES ('Rhone (RB)', 'France');
INSERT INTO geography_parents (geography_id, parent_id) VALUES ('Thjorsa (RB)', 'Iceland');
INSERT INTO geography_parents (geography_id, parent_id) VALUES ('Tornealven (RB)', 'Sweden');
INSERT INTO geography_parents (geography_id, parent_id) VALUES ('Tornealven (RB)', 'Finland');
INSERT INTO geography_parents (geography_id, parent_id) VALUES ('Tornealven (RB)', 'Norway');
INSERT INTO geography_parents (geography_id, parent_id) VALUES ('Liberia (EEZ)', 'Liberia');
INSERT INTO geography_parents (geography_id, parent_id) VALUES ('Myanmar (EEZ)', 'Myanmar');
INSERT INTO geography_parents (geography_id, parent_id) VALUES ('Lebanon (EEZ)', 'Lebanon');
INSERT INTO geography_parents (geography_id, parent_id) VALUES ('Republic of Mauritius (EEZ)', 'Mauritius');
INSERT INTO geography_parents (geography_id, parent_id) VALUES ('Brunei (EEZ)', 'Brunei Darussalam');
INSERT INTO geography_parents (geography_id, parent_id) VALUES ('Cambodia (EEZ)', 'Cambodia');
INSERT INTO geography_parents (geography_id, parent_id) VALUES ('Saint Vincent and the Grenadines (EEZ)', 'Saint Vincent and the Grenadines');
INSERT INTO geography_parents (geography_id, parent_id) VALUES ('Nigeria (EEZ)', 'Nigeria');
INSERT INTO geography_parents (geography_id, parent_id) VALUES ('Romania (EEZ)', 'Romania');
INSERT INTO geography_parents (geography_id, parent_id) VALUES ('Indonesia (EEZ)', 'Indonesia');
INSERT INTO geography_parents (geography_id, parent_id) VALUES ('Venezuela (EEZ)', 'Venezuela');
INSERT INTO geography_parents (geography_id, parent_id) VALUES ('Brazil (EEZ)', 'Brazil');
INSERT INTO geography_parents (geography_id, parent_id) VALUES ('Barbados (EEZ)', 'Barbados');
INSERT INTO geography_parents (geography_id, parent_id) VALUES ('Greece (EEZ)', 'Greece');
INSERT INTO geography_parents (geography_id, parent_id) VALUES ('Philippines (EEZ)', 'Philippines');
INSERT INTO geography_parents (geography_id, parent_id) VALUES ('Tanzania (EEZ)', 'Tanzania');
INSERT INTO geography_parents (geography_id, parent_id) VALUES ('Sweden (EEZ)', 'Sweden');
INSERT INTO geography_parents (geography_id, parent_id) VALUES ('Ukraine (EEZ)', 'Ukraine');
INSERT INTO geography_parents (geography_id, parent_id) VALUES ('Angola (EEZ)', 'Angola');
INSERT INTO geography_parents (geography_id, parent_id) VALUES ('Guinea (EEZ)', 'Guinea');
INSERT INTO geography_parents (geography_id, parent_id) VALUES ('Bangladesh (EEZ)', 'Bangladesh');
INSERT INTO geography_parents (geography_id, parent_id) VALUES ('Mauritania (EEZ)', 'Mauritania');
INSERT INTO geography_parents (geography_id, parent_id) VALUES ('Vanuatu (EEZ)', 'Vanuatu');
INSERT INTO geography_parents (geography_id, parent_id) VALUES ('India (EEZ)', 'India');
INSERT INTO geography_parents (geography_id, parent_id) VALUES ('Gabon (EEZ)', 'Gabon');
INSERT INTO geography_parents (geography_id, parent_id) VALUES ('Phoenix Group (EEZ)', 'Kiribati');
INSERT INTO geography_parents (geography_id, parent_id) VALUES ('Navassa Island (EEZ)', 'United States');
INSERT INTO geography_parents (geography_id, parent_id) VALUES ('Thailand (EEZ)', 'Thailand');
INSERT INTO geography_parents (geography_id, parent_id) VALUES ('Panama (EEZ)', 'Panama');
INSERT INTO geography_parents (geography_id, parent_id) VALUES ('Estonia (EEZ)', 'Estonia');
INSERT INTO geography_parents (geography_id, parent_id) VALUES ('China (EEZ)', 'China');
INSERT INTO geography_parents (geography_id, parent_id) VALUES ('Cape Verde (EEZ)', 'Cabo Verde');
INSERT INTO geography_parents (geography_id, parent_id) VALUES ('Pakistan (EEZ)', 'Pakistan');
INSERT INTO geography_parents (geography_id, parent_id) VALUES ('Spain (EEZ)', 'Spain');
INSERT INTO geography_parents (geography_id, parent_id) VALUES ('Saint Lucia (EEZ)', 'Saint Lucia');
INSERT INTO geography_parents (geography_id, parent_id) VALUES ('Western Sahara (EEZ)', 'Western Sahara');
INSERT INTO geography_parents (geography_id, parent_id) VALUES ('Iceland (EEZ)', 'Iceland');
INSERT INTO geography_parents (geography_id, parent_id) VALUES ('Equatorial Guinea (EEZ)', 'Equatorial Guinea');
INSERT INTO geography_parents (geography_id, parent_id) VALUES ('Costa Rica (EEZ)', 'Costa Rica');
INSERT INTO geography_parents (geography_id, parent_id) VALUES ('Canada (EEZ)', 'Canada');
INSERT INTO geography_parents (geography_id, parent_id) VALUES ('Ghana (EEZ)', 'Ghana');
INSERT INTO geography_parents (geography_id, parent_id) VALUES ('Ivory Coast (EEZ)', 'Côte d''Ivoire');
INSERT INTO geography_parents (geography_id, parent_id) VALUES ('Russia (EEZ)', 'Russian Federation');
INSERT INTO geography_parents (geography_id, parent_id) VALUES ('Federal Republic of Somalia (EEZ)', 'Somalia');
INSERT INTO geography_parents (geography_id, parent_id) VALUES ('Bulgaria (EEZ)', 'Bulgaria');
INSERT INTO geography_parents (geography_id, parent_id) VALUES ('Ecuador (EEZ)', 'Ecuador');
INSERT INTO geography_parents (geography_id, parent_id) VALUES ('Colombia (EEZ)', 'Colombia');
INSERT INTO geography_parents (geography_id, parent_id) VALUES ('Comores (EEZ)', 'Comoros');
INSERT INTO geography_parents (geography_id, parent_id) VALUES ('Republic of the Congo (EEZ)', 'Congo');
INSERT INTO geography_parents (geography_id, parent_id) VALUES ('Nauru (EEZ)', 'Nauru');
INSERT INTO geography_parents (geography_id, parent_id) VALUES ('Sudan (EEZ)', 'Sudan');
INSERT INTO geography_parents (geography_id, parent_id) VALUES ('Democratic Republic of the Congo (EEZ)', 'Democratic Republic of the Congo');
INSERT INTO geography_parents (geography_id, parent_id) VALUES ('Algeria (EEZ)', 'Algeria');
INSERT INTO geography_parents (geography_id, parent_id) VALUES ('El Salvador (EEZ)', 'El Salvador');
INSERT INTO geography_parents (geography_id, parent_id) VALUES ('Papua New Guinea (EEZ)', 'Papua New Guinea');
INSERT INTO geography_parents (geography_id, parent_id) VALUES ('Marshall Islands (EEZ)', 'Marshall Islands');
INSERT INTO geography_parents (geography_id, parent_id) VALUES ('Gambia (EEZ)', 'Gambia');
INSERT INTO geography_parents (geography_id, parent_id) VALUES ('South Korea (EEZ)', 'South Korea');
INSERT INTO geography_parents (geography_id, parent_id) VALUES ('Sao Tome and Principe (EEZ)', 'Sao Tome and Principe');
INSERT INTO geography_parents (geography_id, parent_id) VALUES ('Belize (EEZ)', 'Belize');
INSERT INTO geography_parents (geography_id, parent_id) VALUES ('Micronesia (EEZ)', 'Micronesia');
INSERT INTO geography_parents (geography_id, parent_id) VALUES ('Italy (EEZ)', 'Italy');
INSERT INTO geography_parents (geography_id, parent_id) VALUES ('Sierra Leone (EEZ)', 'Sierra Leone');
INSERT INTO geography_parents (geography_id, parent_id) VALUES ('Solomon Islands (EEZ)', 'Solomon Islands');
INSERT INTO geography_parents (geography_id, parent_id) VALUES ('Dominican Republic (EEZ)', 'Dominican Republic');
INSERT INTO geography_parents (geography_id, parent_id) VALUES ('Israel (EEZ)', 'Israel');
INSERT INTO geography_parents (geography_id, parent_id) VALUES ('Morocco (EEZ)', 'Morocco');
INSERT INTO geography_parents (geography_id, parent_id) VALUES ('Togo (EEZ)', 'Togo');
INSERT INTO geography_parents (geography_id, parent_id) VALUES ('Oman (EEZ)', 'Oman');
INSERT INTO geography_parents (geography_id, parent_id) VALUES ('Senegal (EEZ)', 'Senegal');
INSERT INTO geography_parents (geography_id, parent_id) VALUES ('Tonga (EEZ)', 'Tonga');
INSERT INTO geography_parents (geography_id, parent_id) VALUES ('Antigua and Barbuda (EEZ)', 'Antigua and Barbuda');
INSERT INTO geography_parents (geography_id, parent_id) VALUES ('Malaysia (EEZ)', 'Malaysia');
INSERT INTO geography_parents (geography_id, parent_id) VALUES ('Guinea-Bissau (EEZ)', 'Guinea-Bissau');
INSERT INTO geography_parents (geography_id, parent_id) VALUES ('Taiwan (EEZ)', 'Taiwan');
INSERT INTO geography_parents (geography_id, parent_id) VALUES ('Palau (EEZ)', 'Palau');
INSERT INTO geography_parents (geography_id, parent_id) VALUES ('Suriname (EEZ)', 'Suriname');
INSERT INTO geography_parents (geography_id, parent_id) VALUES ('Benin (EEZ)', 'Benin');
INSERT INTO geography_parents (geography_id, parent_id) VALUES ('Eritrea (EEZ)', 'Eritrea');
INSERT INTO geography_parents (geography_id, parent_id) VALUES ('Georgia (EEZ)', 'Georgia');
INSERT INTO geography_parents (geography_id, parent_id) VALUES ('Ireland (EEZ)', 'Ireland');
INSERT INTO geography_parents (geography_id, parent_id) VALUES ('Guyana (EEZ)', 'Guyana');
INSERT INTO geography_parents (geography_id, parent_id) VALUES ('Timor Leste (EEZ)', 'Timor-Leste');
INSERT INTO geography_parents (geography_id, parent_id) VALUES ('Saint Kitts and Nevis (EEZ)', 'Saint Kitts and Nevis');
INSERT INTO geography_parents (geography_id, parent_id) VALUES ('Samoa (EEZ)', 'Samoa');
INSERT INTO geography_parents (geography_id, parent_id) VALUES ('South Africa (EEZ)', 'South Africa');
INSERT INTO geography_parents (geography_id, parent_id) VALUES ('Lithuania (EEZ)', 'Lithuania');
INSERT INTO geography_parents (geography_id, parent_id) VALUES ('Trinidad and Tobago (EEZ)', 'Trinidad and Tobago');
INSERT INTO geography_parents (geography_id, parent_id) VALUES ('Cuba (EEZ)', 'Cuba');
INSERT INTO geography_parents (geography_id, parent_id) VALUES ('Kenya (EEZ)', 'Kenya');
INSERT INTO geography_parents (geography_id, parent_id) VALUES ('Peru (EEZ)', 'Peru');
INSERT INTO geography_parents (geography_id, parent_id) VALUES ('Saudi Arabia (EEZ)', 'Saudi Arabia');
INSERT INTO geography_parents (geography_id, parent_id) VALUES ('Mozambique (EEZ)', 'Mozambique');
INSERT INTO geography_parents (geography_id, parent_id) VALUES ('Namibia (EEZ)', 'Namibia');
INSERT INTO geography_parents (geography_id, parent_id) VALUES ('Latvia (EEZ)', 'Latvia');
INSERT INTO geography_parents (geography_id, parent_id) VALUES ('Dominica (EEZ)', 'Dominica');
INSERT INTO geography_parents (geography_id, parent_id) VALUES ('Vietnam (EEZ)', 'Viet Nam');
INSERT INTO geography_parents (geography_id, parent_id) VALUES ('Tuvalu (EEZ)', 'Tuvalu');
INSERT INTO geography_parents (geography_id, parent_id) VALUES ('Guatemala (EEZ)', 'Guatemala');
INSERT INTO geography_parents (geography_id, parent_id) VALUES ('Fiji (EEZ)', 'Fiji');
INSERT INTO geography_parents (geography_id, parent_id) VALUES ('Nicaragua (EEZ)', 'Nicaragua');
INSERT INTO geography_parents (geography_id, parent_id) VALUES ('Turkey (EEZ)', 'Turkey');
INSERT INTO geography_parents (geography_id, parent_id) VALUES ('Tunisia (EEZ)', 'Tunisia');
INSERT INTO geography_parents (geography_id, parent_id) VALUES ('Argentina (EEZ)', 'Argentina');
INSERT INTO geography_parents (geography_id, parent_id) VALUES ('Cameroon (EEZ)', 'Cameroon');
INSERT INTO geography_parents (geography_id, parent_id) VALUES ('Japan (EEZ)', 'Japan');
INSERT INTO geography_parents (geography_id, parent_id) VALUES ('Sri Lanka (EEZ)', 'Sri Lanka');
INSERT INTO geography_parents (geography_id, parent_id) VALUES ('Maldives (EEZ)', 'Maldives');
INSERT INTO geography_parents (geography_id, parent_id) VALUES ('Egypt (EEZ)', 'Egypt');
INSERT INTO geography_parents (geography_id, parent_id) VALUES ('Malta (EEZ)', 'Malta');
INSERT INTO geography_parents (geography_id, parent_id) VALUES ('Seychelles (EEZ)', 'Seychelles');
INSERT INTO geography_parents (geography_id, parent_id) VALUES ('Germany (EEZ)', 'Germany');
INSERT INTO geography_parents (geography_id, parent_id) VALUES ('Yemen (EEZ)', 'Yemen');
INSERT INTO geography_parents (geography_id, parent_id) VALUES ('Madagascar (EEZ)', 'Madagascar');
INSERT INTO geography_parents (geography_id, parent_id) VALUES ('Honduras (EEZ)', 'Honduras');
INSERT INTO geography_parents (geography_id, parent_id) VALUES ('Jamaica (EEZ)', 'Jamaica');
INSERT INTO geography_parents (geography_id, parent_id) VALUES ('Bahamas (EEZ)', 'Bahamas');
INSERT INTO geography_parents (geography_id, parent_id) VALUES ('Libya (EEZ)', 'Libya');
INSERT INTO geography_parents (geography_id, parent_id) VALUES ('Portugal (EEZ)', 'Portugal');
INSERT INTO geography_parents (geography_id, parent_id) VALUES ('Mexico (EEZ)', 'Mexico');
INSERT INTO geography_parents (geography_id, parent_id) VALUES ('Uruguay (EEZ)', 'Uruguay');
INSERT INTO geography_parents (geography_id, parent_id) VALUES ('North Korea (EEZ)', 'North Korea');
INSERT INTO geography_parents (geography_id, parent_id) VALUES ('Norway (EEZ)', 'Norway');
INSERT INTO geography_parents (geography_id, parent_id) VALUES ('Cyprus (EEZ)', 'Cyprus');
INSERT INTO geography_parents (geography_id, parent_id) VALUES ('French Polynesia (EEZ)', 'French Polynesia');
INSERT INTO geography_parents (geography_id, parent_id) VALUES ('Mayotte (EEZ)', 'Mayotte');
INSERT INTO geography_parents (geography_id, parent_id) VALUES ('Ile Tromelin (EEZ)', 'France');
INSERT INTO geography_parents (geography_id, parent_id) VALUES ('New Caledonia (EEZ)', 'New Caledonia');
INSERT INTO geography_parents (geography_id, parent_id) VALUES ('La Reunion (EEZ)', 'Réunion');
INSERT INTO geography_parents (geography_id, parent_id) VALUES ('Matthew and Hunter Islands (EEZ)', 'France');
INSERT INTO geography_parents (geography_id, parent_id) VALUES ('Matthew and Hunter Islands (EEZ)', 'Vanuatu');
INSERT INTO geography_parents (geography_id, parent_id) VALUES ('Clipperton Island (EEZ)', 'France');
INSERT INTO geography_parents (geography_id, parent_id) VALUES ('Guadeloupe (EEZ)', 'France');
INSERT INTO geography_parents (geography_id, parent_id) VALUES ('Saint Barthelemy (EEZ)', 'Saint Barthélemy');
INSERT INTO geography_parents (geography_id, parent_id) VALUES ('Collectivity of Saint Martin (EEZ)', 'Saint Martin (French part)');
INSERT INTO geography_parents (geography_id, parent_id) VALUES ('Saint-Pierre and Miquelon (EEZ)', 'Saint Pierre and Miquelon');
INSERT INTO geography_parents (geography_id, parent_id) VALUES ('Martinique (EEZ)', 'Martinique');
INSERT INTO geography_parents (geography_id, parent_id) VALUES ('French Guiana (EEZ)', 'French Guiana');
INSERT INTO geography_parents (geography_id, parent_id) VALUES ('France (EEZ)', 'France');
INSERT INTO geography_parents (geography_id, parent_id) VALUES ('Amsterdam and Saint Paul Islands (EEZ)', 'French Southern Territories');
INSERT INTO geography_parents (geography_id, parent_id) VALUES ('Falkland / Malvinas Islands (EEZ)', 'Falkland Islands (Malvinas)');
INSERT INTO geography_parents (geography_id, parent_id) VALUES ('Pitcairn (EEZ)', 'Pitcairn');
INSERT INTO geography_parents (geography_id, parent_id) VALUES ('Anguilla (EEZ)', 'Anguilla');
INSERT INTO geography_parents (geography_id, parent_id) VALUES ('British Virgin Islands (EEZ)', 'British Virgin Islands');
INSERT INTO geography_parents (geography_id, parent_id) VALUES ('Cayman Islands (EEZ)', 'Cayman Islands');
INSERT INTO geography_parents (geography_id, parent_id) VALUES ('Montserrat (EEZ)', 'Montserrat');
INSERT INTO geography_parents (geography_id, parent_id) VALUES ('Turks and Caicos Islands (EEZ)', 'Turks and Caicos Islands');
INSERT INTO geography_parents (geography_id, parent_id) VALUES ('South Georgia and the South Sandwich Islands (EEZ)', 'South Georgia and the South Sandwich Islands');
INSERT INTO geography_parents (geography_id, parent_id) VALUES ('Bermuda (EEZ)', 'Bermuda');
INSERT INTO geography_parents (geography_id, parent_id) VALUES ('United Kingdom (EEZ)', 'United Kingdom');
INSERT INTO geography_parents (geography_id, parent_id) VALUES ('St Helene, Ascension and Tristan da Cunha (EEZ)', 'Saint Helena');
INSERT INTO geography_parents (geography_id, parent_id) VALUES ('American Samoa (EEZ)', 'American Samoa');
INSERT INTO geography_parents (geography_id, parent_id) VALUES ('United States Virgin Islands (EEZ)', 'United States Virgin Islands');
INSERT INTO geography_parents (geography_id, parent_id) VALUES ('Guam (EEZ)', 'United States');
INSERT INTO geography_parents (geography_id, parent_id) VALUES ('Northern Mariana Islands (EEZ)', 'Northern Mariana Islands');
INSERT INTO geography_parents (geography_id, parent_id) VALUES ('Hawaii (EEZ)', 'United States');
INSERT INTO geography_parents (geography_id, parent_id) VALUES ('Alaska (EEZ)', 'United States');
INSERT INTO geography_parents (geography_id, parent_id) VALUES ('United States (EEZ)', 'United States');
INSERT INTO geography_parents (geography_id, parent_id) VALUES ('Palmyra Atoll (EEZ)', 'United States');
INSERT INTO geography_parents (geography_id, parent_id) VALUES ('Puerto Rico (EEZ)', 'Puerto Rico');
INSERT INTO geography_parents (geography_id, parent_id) VALUES ('Netherland (EEZ)', 'Netherlands');
INSERT INTO geography_parents (geography_id, parent_id) VALUES ('Caribbean Netherlands (EEZ)', 'Netherlands');
INSERT INTO geography_parents (geography_id, parent_id) VALUES ('Cook Islands (EEZ)', 'Cook Islands');
INSERT INTO geography_parents (geography_id, parent_id) VALUES ('New Zealand (EEZ)', 'New Zealand');
INSERT INTO geography_parents (geography_id, parent_id) VALUES ('Chile (EEZ)', 'Chile');
INSERT INTO geography_parents (geography_id, parent_id) VALUES ('Easter Islands (EEZ)', 'Chile');
INSERT INTO geography_parents (geography_id, parent_id) VALUES ('San Felix and San Ambrosia islands (EEZ)', 'Chile');
INSERT INTO geography_parents (geography_id, parent_id) VALUES ('Australia (EEZ)', 'Australia');
INSERT INTO geography_parents (geography_id, parent_id) VALUES ('Macquire Island (EEZ)', 'Australia');
INSERT INTO geography_parents (geography_id, parent_id) VALUES ('Norfolk Island (EEZ)', 'Norfolk Island');
INSERT INTO geography_parents (geography_id, parent_id) VALUES ('Heard and McDonald Islands (EEZ)', 'Heard Island and McDonald Islands');
INSERT INTO geography_parents (geography_id, parent_id) VALUES ('Cocos Islands (EEZ)', 'Cocos (Keeling) Islands');
INSERT INTO geography_parents (geography_id, parent_id) VALUES ('Christmas Islands (EEZ)', 'Christmas Island');
INSERT INTO geography_parents (geography_id, parent_id) VALUES ('Denmark (EEZ)', 'Denmark');
INSERT INTO geography_parents (geography_id, parent_id) VALUES ('Greenland (EEZ)', 'Denmark');
